bucket	swift	ts	prev_status	status	coverage	priority	n_fixed	n_remaining	n_new	fixed	remaining	newGaps	notes
A	Sources/EChartsKit/animation/basicTransition.swift	upstream/echarts/src/animation/basicTransition.ts	minor	minor	96	low	4	1	1	getAnimationConfig now reads ecModel.getUpdatePayload()?.animation and applies duration/easing/delay with highest priority (verified Global.setUpdatePayload/getUpdatePayload are real and ECharts.swift sets the payload at 3 call sites), so dataZoom/resize global animation override works ||| Function-valued animationDuration/animationDelay are evaluated: delayVal is cast to AnimationDelayCallback ((Double, AnimationDelayCallbackParam?)->Double) and durationVal to AnimationDurationCallback, so per-index staggered enter delay/duration works ||| getAnimationDelayParams hook wired: animateOrSetProps reads model?.getAnimationDelayParams?(el, dataIndex) (a real optional stored closure on Model, assigned by PictorialBarView.pbGetItemModel) and threads it as extraDelayParams ||| removeOpt override on the leave path modeled: removeElement(el, props, model, AnimateOrSetPropsOption) threads removeOpt into the extraOpts branch (duration ?? 200, easing ?? cubicOut, delay forced 0 exactly as upstream ts:84-86); removeElement is now a real top-level function so callers can animate arbitrary leave props (e.g. scaleX/scaleY -> 0)	isElementRemoved omits upstream's leading `if (!el.__zr) return true`, so a leave animation is still scheduled on an element already detached from the render tree (documented zr-less driver adaptation; harmless in the live host, changes headless leave semantics — a repeated removeElement re-fires its cb)	saveOldStyle/getOldStyle capture only Path.pathStyle, so a ZRText or ZRImage that is reused across renders has no old style recorded and universalTransition cannot tween its style (upstream stores el.style for any Displayable)	Verified against upstream line-by-line; ordering of payload-override-before-isFunction matches ts:99-113. transNum handles Double/Int/NSNumber so the documented Int-vs-Double option-read trap is avoided. Supporting types all exist and are real: util/types.swift:371 PayloadAnimationPart, :1314-1315 AnimationDurationCallback/AnimationDelayCallback, model/Model.swift:88 getAnimationDelayParams. No stale markers found — the header PORT-NOTEs accurately describe implemented code.
A	Sources/EChartsKit/chart/bar/BarView.swift	upstream/echarts/src/chart/bar/BarView.ts	major	major	90	medium	6	2	4	realtimeSort scaffolding is now real, not no-ops: _enableRealtimeSort (first-frame initSort + zr 'rendered' listener with the abs(height/width) orderMapping), _dataSort (NaN-as-min descending sort producing OrdinalSortInfo), _isOrderChangedWithinSameData, _isOrderDifferentInView, _updateSortWithinSameData and _dispatchInitSort all match upstream bodies and dispatch the changeAxisOrder payload ||| itemStyle.borderRadius now reaches the renderer: updateStyle does a whole-shape read-modify-write of RectShape.r via barRectRadiusFromOption (number and number[] forms), and ZRenderKit Rect.buildPath routes a truthy r through roundRect.buildPath — bar corners actually round; the partial {x,y,width,height} anim dict leaves r untouched during tweens ||| _incrementalRenderLarge is no longer a no-op: it calls _removeBackground() then barCreateLarge(seriesModel, group, &_progressiveEls, true) (the real progressive overload in LargeBarPath.swift) ||| setLabelValueAnimation is wired: the whole label block in updateStyle now runs (getLabelStatesModels + setLabelStyle with defaultOutsidePosition, then setLabelValueAnimation with seriesModel.getRawValue and getDefaultInterpolatedLabel); labelStyle.setLabelValueAnimation is a real implementation storing prevValue/value/valueAnimation/precision ||| Large-mode mouse hit-test is wired: barCreateLarge binds mousedown/mousemove to the throttled largePathUpdateDataIndex, backed by a real largePathFindDataIndex walking the packed points buffer — tooltip/hover over large bars can resolve dataIndex ||| Polar roundCap honoured: elementCreatorPolar picks SausagePath when (!isRadial && roundCap) and Sector otherwise, and the sector<->sausage recreate-on-change branch is reproduced in _renderPolarBars	updateRealtimeAnimation is still a stub (BarView.swift:902-920): upstream splits the layout into an axis-driven target (animated with the baseAxis model) and a series-driven growth target; the port does a single instant el.setShape(layout) and does NOTHING when isChangeOrder is true — so on a changeAxisOrder re-render bar-racing bars never move to their new axis positions and the growth animation is instant instead of tweened ||| Polar sector label rotation/position still deferred: setSectorTextRotation / createSectorCalculateTextPosition / createPolarPositionMapping (label/sectorLabel) are not ported, so polar bar labels are never rotated to follow the sector and the sector text-position mapping is unavailable	_renderPolarBars implements no clipping: upstream's clip.polar clipper (and the resulting el.ignore) is absent, so polar bars outside the coord-sys angle/radius extent are drawn un-clipped instead of being trimmed/hidden ||| showBackground is not supported on polar: _renderPolarBars skips the createBackground/bgGroup path entirely (upstream createBackgroundEl has a Sector branch), so backgroundStyle bars never appear on a polar bar chart ||| (el as ECElement).forceLabelAnimation = true is still not set on realtimeSort bars, so bar-racing labels don't force their value animation ||| On a changeAxisOrder update upstream copies labelInner(textEl).value into .prevValue to suppress a fresh label animation; the port skips this, so a reorder restarts a full animationDurationUpdate label roll	"STALE-MARKER: Sources/EChartsKit/chart/bar/BarView.swift:44 says ""the label block in `updateStyle` is still deferred in this view"" but the label block IS implemented at 1085-1109 (getLabelStatesModels + setLabelStyle + setLabelValueAnimation). STALE-MARKER: BarView.swift:62 repeats ""(label block still deferred in this view)"" for labelHelper, which is likewise live (getDefaultLabel at 1089, getDefaultInterpolatedLabel at 1108). STALE-MARKER (reverse kind — comment claims parity over a real gap): BarView.swift:913-915 says the split axis/series animation targets ""collapse to setting the final shape once — so this is equivalent to el.setShape(layout)"", which was true only while initProps/updateProps were no-op shims; they are now real animations, so this is a genuine behaviour divergence, not an equivalence. Also note the realtimeSort pipeline as a whole is still inert end-to-end because no `changeAxisOrder` action handler is registered anywhere in Sources/ (upstream registers it in chart/bar/install.ts) — that gap belongs to the install file, not this one. Status kept at major solely because realtimeSort/bar-racing still breaks; every non-racing bar feature (cartesian, polar, large, labels, emphasis, borderRadius) is now behaviourally complete."
A	Sources/EChartsKit/chart/bar/PictorialBarView.swift	upstream/echarts/src/chart/bar/PictorialBarView.ts	minor	minor	96	low	4	0	2	prepareLineWidth now matches upstream exactly (PictorialBarView.swift:479-494 vs ts:413-437): the scratch path gets scaleX/scaleY/rotation, updateTransform(), then valueLineWidth /= pathForLineWidth.getLineScale() followed by *= symbolScale[valueDim.index] — borderWidth on rotated/scaled symbols is correctly sized ||| createPath drops nothing: pbCreatePath returns a Displayable and symbol.createSymbol has a live `image://` branch (util/symbol.swift:642-650 → ZRenderKit.makeImage), with strokeNoScale correctly skipped for the non-Path ZRImage — image-symbol pictorial bars render ||| getAnimationDelayParams / __pictorialAnimationIndex are modelled: pictorialAnimInner (makeInner side-store) records index/repeatTimes per symbol path (set at 669 and 694) and pbGetItemModel assigns itemModel.getAnimationDelayParams returning {count, index}; that itemModel flows into symbolMeta.animationModel and thence into every initProps/updateProps call, so per-repeat staggered animationDelay ordering works ||| removeBar now uses the upstream per-path leave animation: pbRemoveBar calls removeElement(path, [scaleX:0, scaleY:0], animationModel, dataIndex, done) for every bundle child plus __pictorialMainPath, with the clip-path animationModel nil-out, instead of a whole-bar opacity fade		Emphasis/blur/select state styles applied to an `image://` symbol are inert (PORT-TODO ZRenderKit/Image.ZRImage.stateStyleSync at PictorialBarView.swift:1073): the state style writes Displayable.style while ZRImage renders from its own imageStyle, so hover opacity/color on image pictorial symbols does nothing (the scale 1.1 emphasis still works) ||| pbRemoveBar detaches the bar immediately (un-animated) when the path list is empty — an intentional, explicitly flagged divergence from upstream, which would leak the bar in that degenerate case	"All four previously recorded gaps verified closed in code (not just comments). Related stale markers in the dependency, worth fixing while nearby: STALE-MARKER Sources/EChartsKit/util/symbol.swift:420 says ""the image:// / path:// conformers are deferred"" and :683 calls makeFallbackSymbol the ""Fallback builder for the deferred image:// / path:// branches"", while createSymbol at :642-660 fully implements BOTH branches via ZRenderKit.makeImage / makePath. The file's own header PORT-NOTE at :36-37 and :68 correctly describes the live wiring."
A	Sources/EChartsKit/chart/bar/pictorialBarInstall.swift	upstream/echarts/src/chart/bar/installPictorialBar.ts	minor	minor	92	low	1	1	2	"All five upstream install() registrations verified LIVE in the driver (this was the previously unverifiable gap): registerChartView → ECharts.swift:1318 `""pictorialBar"": { PictorialBarView() }`; registerSeriesModel → the `-- chart/bar/installPictorialBar.ts --` block in installOnce(); registerLayout(VISUAL.LAYOUT) → ECharts.swift:540 _pictorialBarLayoutHandler.overallReset run at :1965; registerLayout(PROGRESSIVE_LAYOUT) → ECharts.swift:541 _pictorialBarProgressiveLayoutHandler run via runSeriesStageHandler at :1966; registerBarGridAxisHandlers → registerBarGridAxisHandlers(_registers) at ECharts.swift:699 which registers both 'bar' and 'pictorialBar' under callOnlyOnce"	There is still no callable install(registers) symbol: an embedder cannot register pictorialBar a la carte or through an extension host — registration exists only inside the monolithic ECharts.installOnce()	Ordering deviation confirmed in the driver: the PROGRESSIVE_LAYOUT-priority pictorialBar stage runs inline right after the cross-series stage (ECharts.swift:1965-1966), i.e. BEFORE pieLayout/funnelLayout/candlestickLayout/boxplotLayout/sunburstLayout/treemapLayout, whereas upstream's PRIORITY.VISUAL.PROGRESSIVE_LAYOUT places it after every overall layout — benign today but a real divergence if any later overall stage must prepare information for it ||| createProgressiveLayout(SERIES_TYPE_PICTORIAL_BAR) is built with handler.plan = nil in layout/barGrid.swift (unlike candlestickLayout/candlestickVisual, which were fixed to use createRenderPlanner()), so pictorialBar's per-item layout has no progressive plan gating	File contains no executable code — it is a documentation/diffable-surface shim, same convention as boxplotInstall.swift. Graded on whether upstream's install() effects are reachable, which they now are (each mapping checked against core/ECharts.swift rather than trusted from the comment block). The INTEGRATION SURFACE comments in this file are accurate; no stale markers.
A	Sources/EChartsKit/chart/boxplot/boxplotInstall.swift	upstream/echarts/src/chart/boxplot/install.ts	stub	minor	88	low	2	1	0	"Stale port-notes removed and now accurate: the file states BoxplotView.swift and boxplotTransform.swift are ported, which matches reality (both sibling files exist and are implemented) ||| All five install() registrations verified LIVE in the driver: ComponentModel.registerClass(BoxplotSeriesModel.self) at ECharts.swift:780; registerBoxplotAxisHandlers(_registers) at :781; `""boxplot"": { BoxplotView() }` in _chartViewFactories at :1330; boxplotLayout(ecModel) in the overall layout stage at :1997; try! registerExternalTransform(boxplotTransform) in component/transform/transformInstall.swift:69"	install(registers) is still commented out — there is no callable registration entry point, so boxplot cannot be installed a la carte or by an extension host; it only works because ECharts.installOnce() hardcodes the equivalent five calls		Re-graded up from stub/30 because the previous grade penalised unverified driver wiring; each of the five registrations was traced to a concrete call site this pass. Graded identically to the sibling pictorialBarInstall.swift so the two stay comparable. No stale markers remain in this file — every 'ported' claim in the INTEGRATION SURFACE block checks out.
A	Sources/EChartsKit/chart/boxplot/boxplotTransform.swift	upstream/echarts/src/chart/boxplot/boxplotTransform.ts	minor	parity	97	low	1	0	2	The SOURCE_FORMAT_ARRAY_ROWS guard is now ported verbatim (boxplotTransform.swift:45-53): a non-array-rows upstream source builds the __DEV__ makePrintable message and calls log.throwError, instead of silently coercing to empty rows		Genuinely empty rows are filtered out before prepareBoxplotData (line 70) whereas upstream keeps them (yielding NaN bounds) — a documented Swift-safety deviation that changes box count for degenerate input ||| The thrown error escalates further than upstream: applySingleDataTransform → sourceManager's catch calls doThrow (fatalError), so a bad boxplot transform config aborts the process rather than just rejecting that chart (documented, and the same convention as the sibling built-in transforms)	Otherwise a faithful port: config handling accepts both PrepareBoxplotDataOpt and the raw option dict, coerces Int-boxed/numeric-string boundIQR to Double (avoids the documented Int-vs-Double option-read trap) while leaving the literal 'none' a String, passes itemNameFormatter through erased, and returns the same two result items with the same dimension names. Arity-preserving cell coercion (non-numeric → NaN, not dropped) matches upstream's type-erasing cast, which matters for Q1/Q2/Q3. No stale markers.
A	Sources/EChartsKit/chart/candlestick/candlestickLayout.swift	upstream/echarts/src/chart/candlestick/candlestickLayout.ts	minor	parity	98	low	2	0	2	handler.plan is now createRenderPlanner() wrapped in an arity adapter (lines 108-111); createRenderPlanner (chart/helper/createRenderPlanner.swift) is a real implementation with the makeInner large/progressiveRender state and the `&& 'reset'` return idiom, and it is instantiated once so its state persists across calls ||| The three axisSnippets helpers were re-read against upstream/echarts/src/chart/helper/axisSnippets.ts and are behaviourally identical, not stubs: makeAxisStatKey (seriesType + AXIS_STAT_KEY_DELIMITER), createBandWidthBasedAxisContainShapeHandler (calcBandWidth + isNullableNumberFinite → [-w2/2, w2/2]), createMetricsNonOrdinalLinearPositiveMinGap (registerMetricImplLiPosMinGap + liPosMinGap: !isOrdinalScale)		handler.plan is ported but dormant on the live path: ECharts.runSeriesStageHandler (core/ECharts.swift:1800-1838) reads only seriesType/reset and never calls plan, so large-mode switches don't trigger a plan-driven reset (driver/Scheduler gap, not a gap in this file) ||| The local axisSnippets copies are a drift liability — makeAxisStatKey2 is absent and any upstream change to the shared module won't propagate — but they are behaviourally correct today	Compared function by function against upstream, including largeProgress offset arithmetic (NaN row writes one NaN then skips 3; sign, lowest[0], lowest[1], highest[1]) and getSign's doji/previous-close tie-breaking — both exact. calculateCandleWidth correctly denulls NSNull before retrieve2 (the explicit-null default convention) so barMaxWidth/barMinWidth fall back properly. No stale markers: the PORT-NOTEs at 102-107 and 417-425 accurately describe what the code does.
A	Sources/EChartsKit/chart/candlestick/candlestickVisual.swift	upstream/echarts/src/chart/candlestick/candlestickVisual.ts	minor	parity	99	low	1	0	2	handler.plan is now createRenderPlanner() behind an arity adapter (lines 79-82), created once so the planner's per-series large/progressive makeInner state persists across passes — progressive planning is represented		handler.performRawSeries = true is set but the driver's runSeriesStageHandler ignores it (it iterates ecModel.eachSeries and relies on the reset's own isSeriesFiltered early-out), so the upstream distinction of running this visual on raw/filtered series for legend colouring is not honoured — a driver/Scheduler gap surfaced by this file ||| plan is likewise never invoked because candlestickVisual is driven directly by runSeriesStageHandler (ECharts.swift:1990) rather than registered with the Scheduler	reset body matches upstream exactly, including the isSeriesFiltered early-out, the !isLargeRender gate, sign-driven getColor/getBorderColor query selection (borderColorDoji when sign === 0) and the `getBorderColor(...) || style.fill` JS-truthiness fallback, with the value-type extend-and-write-back for ensureUniqueItemVisual. The liveness PORT-NOTE at 73-78 was checked against core/ECharts.swift and is accurate (not stale) — registerVisual is indeed still a comment at :769 and the handler is run directly at :1990.
A	Sources/EChartsKit/chart/chord/ChordPiece.swift	upstream/echarts/src/chart/chord/ChordPiece.ts	minor	minor	95	low	2	1	0	setLabelStyle is now called with the real getLabelStatesModels(itemModel) states bag + defaultOpacity + inheritColor + defaultOutsidePosition:'startArc', so emphasis/blur/select label styles and the visual opacity now apply to chord node labels ||| non-firstCreate updateProps({shape}) tween is wired (chordShapeProps dict fed to updateProps), so a merge-mode setOption now animates node arcs instead of snapping; the port's own first-create sweep substitute is gone	Label text fallback is approximated: upstream's inline labelFetcher forces dataType 'node' and retrieve3(formatter, normal formatter, itemModel.name) as the formatter, while the port passes seriesModel as fetcher and folds the fallback into defaultText = node.id (a node whose `name` differs from its `id`, or a formatter template supplied via the node's own `name`, renders different text)		Both recorded gaps are genuinely closed in code (setLabelStyle machinery at :197-227, updateProps at :129) and emphasis/focus wiring was added too (toggleHoverEmphasis + setStatesStylesFromModel at :156-165). STALE-MARKER: ChordPiece.swift:143 says 'per-state itemStyle (emphasis/blur/select) not wired here yet' but setStatesStylesFromModel(el, itemModel) runs 22 lines below. STALE-MARKER: ChordPiece.swift:29 and :36-44 (header import map) still say graphic.updateProps is DEFERRED and that the view 'inlines a minimal NORMAL-state label' — both are now fully wired. Grade from code, not from this header.
A	Sources/EChartsKit/chart/chord/chordInstall.swift	upstream/echarts/src/chart/chord/install.ts	minor	parity	100	none	1	0	0	"All four upstream registrations verified live in core/ECharts.swift: ComponentModel.registerClass(ChordSeriesModel.self) (:838), ""chord"": { ChordView() } in _chartViewFactories (:1342), chordCircularLayout(ecModel, api) in the layout section of render() (:2075), and legendDataFilter(SERIES_TYPE_CHORD) in _dataFilters (:563)"			File is documentation-only by the repo's driver convention (registration lives in core/ECharts.swift); the previously recorded gap was conditional on the driver actually registering the four items, and all four were confirmed present and reached. The only deviation left is the upstream PRIORITY.VISUAL.POST_CHART_LAYOUT ordering being replaced by a direct call, which is not load-bearing (chordCircularLayout reads only api dimensions + series options and no other stage touches chord layout).
A	Sources/EChartsKit/chart/custom/CustomView.swift	upstream/echarts/src/chart/custom/CustomView.ts	major	major	86	medium	5	3	5	The per-state STATES loop (retrieveStateOption + retrieveStyleOptionOnState + updateElOnState) is wired at :1337-1343, so renderItem emphasis/blur/select {style} overrides now reach the element's state objects and hover restyles custom elements ||| applyUpdateTransition / applyLeaveTransition are wired (:658, :303, :1628) against a real 677-line customGraphicTransition implementation, so transition / enterFrom / leaveTo / during prop tweening and fade-out on leave now work ||| style.decal is wired: createOrUpdatePatternFromDecal resolves the decal option into a Pattern and writes it into the bridged path style (:641-653, :1762) ||| api.getZr() and api.getDevicePixelRatio() now forward to the real ExtensionAPI implementations instead of returning nil/1.0 (:1059-1060) ||| Per-state z is wired (updateZForEachState loop at :861-863, writing non-normal z2 onto ensureState(state).props) and the ec4 z2EmphasisLift/z2SelectLift = 1 defaults are written into the highDown side store at createEl (:511-512)	`$mergeChildren: 'byName'` (and the deprecated diffChildrenByName) still falls through to the by-index merge (:1576-1581): a group whose children are reordered or partially removed between renders matches the wrong child, so per-child identity, transitions and names are wrong ||| Legacy ec4 style compat is absent: api.style() returns the raw item visual bag merged with userProps and api.styleEmphasis() returns only userProps (:1105-1122); convertFromEC4CompatibleStyle/isEC4CompatibleStyle are not ported, so ec4-era renderItem code that relies on api.style()/styleEmphasis() gets unstyled (no label/text/itemStyle resolution) elements ||| renderItem params.context is a fresh [:] per datum (:971), so a renderItem that stashes cross-datum state in params.context (upstream shares one object across the render round) sees an empty context every call	Series-level `clip: true` is ignored: render() never calls createClipPath / group.setClipPath (:316-323), so a custom series on cartesian/polar draws outside the coordinate rect instead of being clipped ||| Element reuse does not clear states: the update branch leaves `el.clearStates()` unimplemented (:1279, and textContent at :1490) even though Element.clearStates is ported — a custom element left in emphasis/blur on one render keeps that state applied on the next render ||| `morph: false` is not honoured (doCreateOrUpdateEl :1284-1287 leaves disableMorphing unset), so a renderItem opting out of automatic morphing cannot ||| Attached text is normal-state only: doCreateOrUpdateAttachedTx (:1454-1494) skips per-state textConfig/textContent, so renderItem emphasis.textContent / per-state textConfig never applies ||| Text style bridging drops fontStyle/fontWeight/rich/backgroundColor/padding (:1797), so a renderItem text with bold/italic or rich segments renders in the default weight and without rich formatting	Big improvement over the 2026-07-17 grade (transitions, keyframe animation, per-state styles, decal, per-element clipPath, group child reuse-by-index all landed). STALE-MARKER: CustomView.swift:55 lists 'the clipPath handling (doCreateOrUpdateClipPath, group createClipPath)' as DEFERRED while doCreateOrUpdateClipPath is fully implemented at :1387-1416 (only the GROUP-level series clip is really missing). STALE-MARKER: CustomView.swift:222-231 says the copyElement/recreate path is 'DEFERRED here' although doesElNeedRecreate + the replaceAt recreate path are live (:1260-1267, :1353-1356); what copyElement actually omits is the style copy. STALE-MARKER: CustomView.swift:1279 and :1490 say 'states DEFERRED, no-op' in a file whose states machinery is otherwise fully wired.
A	Sources/EChartsKit/chart/effectScatter/EffectScatterView.swift	upstream/echarts/src/chart/effectScatter/EffectScatterView.ts	major	minor	93	low	5	1	0	createSymbolDrawOpt now builds the clipShape from createCoordSysClipAreaSimply and bridges it to SymbolClipShape (:245-258), so the clip:true default really clips ripples outside the coord area ||| updateTransform is ported (:195-214): it dirties the group, re-runs pointsLayout('').reset(...).progress over the whole data so setItemLayout (the brush hit region) follows roam, then calls _symbolDraw.updateLayout, and returns false so the driver does not fall back to a full re-render ||| _updateGroupTransform is ported (:226-233) with matrix.clone(coordSys.getRoamTransform()) + decomposeTransform (dead in upstream too — nothing calls it) ||| remove() is overridden and calls _symbolDraw.remove(true) (:236-238) ||| geo and singleAxis coordinate systems are now handled (:119-149) alongside cartesian2d/polar/calendar, each with the stackResultDimension substitution, so effectScatter renders on geo maps and single axes	effectScatter on a `matrix` coordinate system still hits the else-branch early return (:150-153) and renders nothing at all — no symbols, no ripples, no error		STALE-MARKER: EffectScatterView.swift:17, :22-23, :83 and :151 all say the matrix coord system is 'not ported', but Sources/EChartsKit/coord/matrix/Matrix.swift exists and is a full coordinate system (CustomView even dispatches to matrixPrepareCustom). The gap is only that this view's per-coord-system pointAt switch has no Matrix branch, so the fix is a few lines, not a coord-system port. Remaining deviation (not a gap): drawing positions are computed inline via getSymbolPoint rather than read back from pointsLayout's item layout — same dims and the same stacked-dimension substitution, so values match.
A	Sources/EChartsKit/chart/effectScatter/effectScatterInstall.swift	upstream/echarts/src/chart/effectScatter/install.ts	minor	parity	100	none	1	0	0	"registerLayout(layoutPoints('effectScatter')) is now wired: core/ECharts.swift:2157 runs runSeriesStageHandler(pointsLayout(""effectScatter""), ecModel, api) in the layout section, so per-datum setItemLayout exists and brush selection over an effectScatter works"			"Documentation-only file per the driver convention; all three upstream registrations verified live in core/ECharts.swift (series model in installOnce, ""effectScatter"": { EffectScatterView() } at :1323, points layout stage at :2157). The view additionally re-runs the same stage from updateTransform so the brush region tracks roam."
A	Sources/EChartsKit/chart/funnel/FunnelView.swift	upstream/echarts/src/chart/funnel/FunnelView.ts	minor	parity	96	low	2	0	1	setLabelLineStyle(polygon, getLabelLineStatesModels(itemModel), {stroke: visualColor}) is wired as the last statement of funnelUpdateLabel (:393-407) against the real labelGuideHelper implementation, so the leader line's per-state show/ignore, smoothing, lineStyle and mandatory fill:null now apply instead of a single inline stroke ||| polygon.textGuideLineConfig.anchor is now set from linePoints[0] (:358-362), restoring the label-guide anchor/turn-point machinery		Latent crash: in the diff .update branch the previous graphic el is downcast with `as? Polygon` and then force-unwrapped inside funnelPieceUpdateData (`polygon = polygonIn!`, :188) — a datum whose previous render produced no piece (getItemLayout returned nil/points missing, so add() returned early without setItemGraphicEl) SIGTRAPs on the next update instead of rebuilding the piece	"Both recorded gaps are genuinely closed; labelGuideHelper.setLabelLineStyle/getLabelLineStatesModels are real implementations (labelGuideHelper.swift:573/:716), not stubs. Remaining behavioural deltas are cosmetic: on firstCreate the label x/y is assigned directly rather than through updateProps (upstream calls updateProps unconditionally, which on a brand-new text is equivalent), and the piece is given name=""item"" which upstream leaves unset. The 'deferred subsystems' banner at :62-74 is now self-consistent with the code."
A	Sources/EChartsKit/chart/gauge/GaugeView.swift	upstream/echarts/src/chart/gauge/GaugeView.ts	major	minor	92	medium	5	1	1	roundCap now selects SausagePath instead of Sector at both sites — axisLine colour bands (:277-304) and progress arcs (:649-670) — so roundCap:true renders round caps ||| detail valueAnimation count-up is driven: labelStyle.setLabelValueAnimation + labelStyle.animateLabelValue are called per datum, gated on seriesModel.isAnimationEnabled() (:958-970), against real implementations in labelStyle.swift ||| formatLabel now honours a function formatter (:102-110) in addition to the '{value}' string replacement ||| title/detail/axisLabel text is built through labelStyle.createTextStyle via the gaugeTextStyle adapter (:1094-1108), restoring textBorder/shadow/rich/color resolution that the old font+fill-only stand-in dropped ||| Emphasis wiring landed alongside: z2EmphasisLift=0 + setStatesStylesFromModel + toggleHoverEmphasis on both pointer and progress (:775-779, :792-796)	`pointer.icon` (and `anchor.icon`) of `image://` form CRASHES rather than rendering: symbol.createSymbol returns a ZRImage (a Displayable, not a Path) and both call sites force-cast `as! Path` (:613-621, :829-837); upstream's `pointer instanceof ZRImage` useStyle branch is also still absent (:757)	A function formatter is only recognised when it is exactly a Swift `(Double) -> String` closure (:107); a formatter callback stored with any other signature silently yields the raw number string instead of erroring	Four of five recorded gaps are genuinely closed. STALE-MARKER: GaugeView.swift:34-35 says 'util/states.swift is ported; emphasis/blur/focus states just aren't wired here yet' while setStatesStylesFromModel/toggleHoverEmphasis are called for pointer and progress at :775-796. The image:// force-cast is the top remaining item: it is a hard SIGTRAP, not a missing feature (matches the repo's documented force-unwrap liability class). The port-only static-reuse machinery (_staticGroup/_staticSig keyed on a signature of series.option minus data/animation keys) is a documented deviation used to keep pointer identity across refreshes; it is not reachable as a staleness bug on the paths checked (dead chart views are disposed rather than remove()d), but it means any static-geometry change that does not show up in seriesModel.option would not rebuild the ring/ticks/labels.
A	Sources/EChartsKit/chart/graph/GraphSeries.swift	upstream/echarts/src/chart/graph/GraphSeries.ts	minor	parity	97	low	3	0	2	beforeLink's nodeData.wrapMethod('getItemModel') is a real injection now (:291-307) and SeriesData actually threads it (_getItemModelInjections, applied in getItemModel at SeriesData.swift:1074 and transferred by transferProperties), so per-category parentModel reparenting works and category itemStyle/label inheritance applies to nodes ||| edgeData's label->edgeLabel redirect is implemented via the GraphEdgeLabelItemModel / GraphEdgeLabelChildModel subclasses overriding resolveParentPath (+ re-wrapping each produced child model), and Model.getModel/get really consult resolveParentPath (Model.swift:201, :301), so edge model reads of 'label' resolve against series `edgeLabel` for models, not just for GraphView's label text ||| mergeDefaultAndTheme now performs defaultEmphasis(option,'edgeLabel',['show']) inline against the option bag (:218-238), writing back to self.option (which is what super.mergeDefaultAndTheme also mutates), so the edgeLabel emphasis `show` default is applied		__ownRoamView() returns the coordinateSystem unfiltered (:479-487) instead of `isViewCoordSys(coordSys) && coordSys`, so a graph series on geo/cartesian would report itself as owning a roam View (only latent today: RoamHostModel conformance is not declared and no caller consumes it) ||| defaultOption adds width:'80%' / height:'80%' which upstream leaves commented out (:536-537), so the graph view rect is inset to 80% of the container — node positions differ from upstream for every graph chart (documented as a deliberate compensation for edge clipping)	All three recorded gaps are genuinely closed and the supporting infrastructure was verified (SeriesData.wrapMethod really stores and fires getItemModel injections; Model.resolveParentPath is consulted by both get and getModel). Remaining force-unwraps mirror upstream optimistic typing but are latent SIGTRAPs: getGraph() does `getData().graph!` (:354) and formatTooltip force-unwraps getEdgeByIndex (:388). Option-bag nulls are stored as NSNull() for layout/force.initLayout/center, which is key-present-faithful but diverges for any reader using `!= nil` instead of a truthiness helper (flagged in-file as POTENTIAL-BUG).
A	Sources/EChartsKit/chart/graph/GraphView.swift	upstream/echarts/src/chart/graph/GraphView.ts	major	major	75	medium	3	6	0	_startForceLayoutIteration is now fully wired (render reads seriesModel.forceLayout + force.layoutAnimation, drives a boxed self-referencing step closure with a setTimeout(16) animated branch and an iterative synchronous settle fallback, cancels on re-render/remove) — layout:'force' graphs now iterate and converge ||| circular rotateLabel is wired: render computes circularRotateLabel + cx/cy and calls rotateNodeLabel per node (circularLayoutHelper.swift sets textConfig rotation/position/origin and the emphasis textConfig), so circular-layout node labels rotate radially and label.rotate applies for every layout ||| roam pan/zoom is now usable end-to-end (not via GraphView itself): GraphViewCoordSys carries a roam center/zoom OVERALL transform + applyRoamPayload, roamHelperGraph.updateGraphRoamControllerSimply dispatches 'graphRoam', and EChartsView._setupGraphRoam enables the RoamController on the live zr	edgeSymbol from/toSymbol arrow markers are still never drawn: edges are built inline as bare ZRenderKit Line/BezierCurve rather than through ECLine/LineDraw, so a directed graph configured with edgeSymbol:['none','arrow'] shows no arrowheads ||| node draggable is entirely unwired — no el.on('drag'/'dragend') and no setDraggable anywhere in chart/graph, so dragging a node never moves it, never warms up / fixes the force layout, and never re-runs circularLayout or simpleLayoutEdge ||| _renderThumbnail / _getThumbnailInfo / _updateThumbnailWindow are absent (thumbnailBridge unported) — a graph with a thumbnail/minimap component renders no minimap and no roam window indicator ||| _updateNodeAndLinkScale (setSymbolScale(getNodeGlobalScale)) is missing, so nodeScaleRatio is ignored: on roam zoom node symbols and edge widths do not get the upstream size compensation ||| __updateOnOwnRoam is not implemented, so a roam payload takes the full re-render path instead of the transform-only update, and api.updateLabelLayout() is never called on zoom (label layout is not refreshed after a zoom) ||| edge labels only support the 'middle' placement; edgeLabel.position start/end/insideStart/insideMiddle/insideEnd all collapse to the midpoint placement		"STALE-MARKER: GraphView.swift:25-27 says ""The node symbol is built inline with symbol.createSymbol … SymbolDraw's enter/update/leave diff + SymbolClz reuse are DEFERRED"" but the code at :113/:239 owns a persistent SymbolDraw and calls _symbolDraw.updateData(data, nodeOpt) (the real diff). STALE-MARKER: GraphView.swift:32-34/:73/:425 say roam is DEFERRED/not wired; graph roam IS live via GraphViewCoordSys.applyRoamPayload + roamHelperGraph + EChartsView._setupGraphRoam — only GraphView's own controller/__updateOnOwnRoam fast path is missing. Genuinely accurate markers: :334-337 (from/toSymbol), :424 (_updateNodeAndLinkScale), :426 (draggable), :447 (thumbnail). Force-layout deviation that is faithful in effect: the still-frame/headless branch settles synchronously (probes api.getZr() lazily then falls back to the global animation flag) instead of scheduling frames."
A	Sources/EChartsKit/chart/graph/createView.swift	upstream/echarts/src/chart/graph/createView.ts	minor	minor	92	low	2	2	0	getViewRect now calls layout.applyPreserveAspect(seriesModel, viewRect, aspect) after getLayoutRect, so preserveAspect / preserveAspectAlign / preserveAspectVerticalAlign are honoured and the view rect keeps the node-bbox aspect ratio ||| the stand-in coord system no longer confuses data and pixel space: GraphViewCoordSys.getBoundingRect() returns the DATA box (boxX/boxY/boxW/boxH) while getViewRect() returns the pixel rect, and dataToPoint applies the raw box→rect map composed with the roam transform — circular layouts are no longer double-transformed	still not registered through injectCoordSysByOption + createViewCoordSysSimply: a GraphViewCoordSys stand-in is assigned directly onto seriesModel.coordinateSystem, so the graph's 'view' coord system is invisible to the CoordinateSystemManager (nothing else can look it up as a registered coord sys, and coordSysProvider-driven rebuilds do not happen) ||| pointToData(point) returns the pixel point unchanged (no inverse of the box→rect + roam transform), so any consumer that converts a screen point back to graph data space (e.g. the upstream circular drag path, brush/containPoint-style hit math in data space) gets wrong coordinates		The bbox/aspect/NaN-fallback computation is byte-faithful, including the deliberate NaN seeding of min/max so the empty-points case reproduces upstream's isNaN(aspect) view-rect fallback. toNumber reproduces +null==0 vs +undefined==NaN. No stale markers found: the PORT-NOTEs at :42-53 correctly state the stand-in is used even though View/roamHelper are ported.
A	Sources/EChartsKit/chart/graph/forceLayout.swift	upstream/echarts/src/chart/graph/forceLayout.ts	minor	parity	98	none	1	0	0	the 1500-iteration synchronous settle loop is gone; the stage now performs upstream's single forceInstance.step() and leaves the iteration to GraphView._startForceLayoutIteration, so the first frame is the first-step layout exactly like upstream			Function-by-function faithful: preservedPoints re-init, initLayout none/circular branches, repulsion/edgeLength normalize+swap, linearMap NaN fallbacks, retrieve3 curveness with -getCurvenessForEdge, ignoreForceLayout, beforeStep fixed-node write-back, afterStep node/edge layout + curveness control point. Two Optional-guard deviations (a node whose p is nil is skipped instead of trapping, and its id is not written into preservedPoints) — safer than upstream, not user-visible. Swift value-semantics compensation: afterStep republishes the mutated preservedPoints dictionary onto the series each step, which is required now that most steps run later from the view.
A	Sources/EChartsKit/chart/helper/EffectSymbolElement.swift	upstream/echarts/src/chart/helper/EffectSymbol.ts	minor	parity	95	low	3	0	1	updateRipplePath now honours `rippleEffectColor || color`: a non-empty rippleEffect.color is bridged via zrPaintFromStyleValue and overrides the symbol fill for the rings ||| rippleGroup.rotation = (symbolRotate || 0) * PI/180 is applied in updateData, so the ripple rings rotate with the symbol ||| fadeOut(cb) is overridden to fire the callback immediately (no base-symbol fade tween), matching upstream EffectSymbol.fadeOut		Because this port makes EffectSymbol a subclass of Symbol (rather than a Group holding a SymbolClz), a symbolType change on a REUSED element makes Symbol._createSymbol call self.removeAll(), which also destroys the rippleGroup at childAt(1); updateData's `guard childAt(1)` then bails, so that point's ripple effect disappears permanently until the element is recreated (upstream's removeAll only touches the inner SymbolClz's children). Likely pre-existing rather than introduced by this campaign.	Two harmless deviations: (a) upstream's `rippleGroup.traverse(setStyle('fill', color))` right after setScale is omitted, but updateRipplePath (called from start/updateEffectAnimation) sets fill/stroke afterwards so the end state matches; (b) upstream assigns `this._effectCfg = effectCfg` unconditionally at the end (even in the showEffectOn!=='render' branch) while the port leaves it nil there — the port's behaviour is strictly better on an 'emphasis'→'render' flip. Port addition: lineWidth=1 forced for brushType 'stroke' rings (not upstream, keeps stroke ripples visible). No stale markers.
A	Sources/EChartsKit/chart/helper/SymbolElement.swift	upstream/echarts/src/chart/helper/Symbol.ts	minor	minor	95	low	3	0	4	the ZRImage branch of _updateCommon is implemented: an `image://` symbol is created by symbol.createSymbol, added as the Group child (the guard was widened from Path to Displayable), and re-styled through symbolImageStyleFromDict (image/x/y/width/height overlaid with the item visual style bag, blank base so stale props reset) ||| fadeOut is fully ported: it silences the group and path, honours opt.fadeLabel (removeElement on the textContent with a style.opacity→0 tween and removeTextContent callback) or removes the text immediately, and removes the symbol with style.opacity→0 plus scaleX/scaleY→0 and the dataIndex/removeOpt animation options ||| the __isEmptyBrush clone branch is behaviourally satisfied: barStyleFromDict builds a fresh PathStyleProps on every call and ECSymbol.setColor mutates only that copy, so an empty symbol's fill/stroke swap can no longer corrupt the shared visual-storage style		State styles on an `image://` symbol are inert: emphasis/select/blur styles and toggleHoverEmphasis write the inherited Displayable.style while ZRImage renders from imageStyle (one-way sync), so hovering or selecting an image symbol produces no visual change (tracked in-file as ZRenderKit/Image.ZRImage.stateStyleSync) ||| getSymbolPath() still returns Path?, so it yields nil for an image symbol — LineView's symbol label fade, circularLayoutHelper's label setTextConfig/emphasis rotation and TreeView silently skip image symbols ||| the enter animation for an image symbol scales in without the style.opacity 0→opacity fade (ZRImage has no imageStyle animation accessor), and its leave animation likewise only scales to 0 ||| setColor is only invoked when the item visual fill resolves to a color string, so an empty symbol (e.g. emptyCircle) whose fill is a gradient or pattern never gets the fill/stroke swap and renders filled instead of hollow	Everything else is faithful function-for-function (createSymbol at -1,-1,2,2, z2 retrieve2 100, culling, drift rewrite, saveOldStyle on reuse, liftZ/_z2 restore, label states, hoverScale null/true/finite>0 branches, setSymbolScale(1), toggleHoverEmphasis on the group). The in-file PORT-TODOs at :125 and :405 are accurate, not stale.
A	Sources/EChartsKit/chart/line/LineView.swift	upstream/echarts/src/chart/line/LineView.ts	minor	minor	97	low	1	2	0	the animationDuration / animationDelay callback (per-index function) form is now modeled in _initSymbolLabelAnimation: a seriesDuration typed AnimationDurationCallback is invoked with null (NaN) for the series-level value, and a seriesDelay typed AnimationDelayCallback is invoked per index (cb(idx)) instead of the numeric-only (duration*ratio + delay) path	`disableLabelAnimation = true` is still not written on the symbol path (_initSymbolLabelAnimation) or the polyline (_initOrUpdateEndLabel); today this is inert because no concrete element conforms to the ECElement protocol AND label/LabelManager.swift has no _animateLabels consumer, but symbol/end labels will animate where upstream suppresses it as soon as label animation lands ||| triggerLineEvent's __DEV__ warnDeprecated warning is omitted (behaviourally inert — no user-visible effect, only a missing deprecation console message)		Verified the two remaining items really are inert today: grep of Sources/EChartsKit/label/LabelManager.swift finds no _animateLabels and no disableLabelAnimation reader. The PORT-TODOs at :1248 and :1287 accurately describe the state of the code (not stale). The render() PORT-NOTE at :656 about only cartesian2d+polar being handled matches upstream, which also only supports those two for line series.
A	Sources/EChartsKit/chart/lines/LinesView.swift	upstream/echarts/src/chart/lines/LinesView.ts	major	major	78	high	3	5	0	the `clip` option is wired: applyClipPath() reads seriesModel.get('clip', true), builds createClipPath(coordSys, false, seriesModel) and does group.setClipPath / removeClipPath, and it is called on every return path including the no-coord-system early exit ||| large mode is wired: the view reads seriesModel.pipelineContext.large (the same source linesLayout branches on), lazily creates a LargeLineDraw, calls updateData(data) against the packed linesPoints buffer produced by the linesLayout stage, warns in __DEV__ that large lines do not support effect, and discards the LineDraw on each mode flip so the next diff enters elements fresh ||| for the straight/curved (non-polyline) mode the view now routes through the shared LineDraw → ECLine, which supplies fromSymbol/toSymbol end symbols (SYMBOL_CATEGORIES loops driven by the fromSymbol/toSymbol/…Size visuals), per-line setLabelStyle and toggleHoverEmphasis with emphasis/blur/select lineStyle, plus enter grow (percent 0→1) and merge-mode shape morphing	only Cartesian2D is rendered: the `guard let coord = coordinateSystem as? Cartesian2D` at :150 drops geo and polar lines to resetPersistentElements() + return, so geo-based lines series (the flagship use case — airline/migration maps) still draw nothing even though linesLayout does lay them out ||| incrementalPrepareRender / incrementalRender are not overridden, so a progressive lines series is never rendered in chunks (LineDraw's incrementalPrepareUpdate/incrementalUpdate are ported but unreachable from the view) ||| updateTransform is not overridden, so a roam/zoom on a lines series forces the full update path instead of re-running linesLayout + lineDraw.updateLayout(), and _clearLayer's motion-blur clear on drag/zoom never happens ||| eachRendered is not overridden, so callers that walk the view's rendered elements (SSR/labels/large-mode traversal) see nothing for a lines series ||| the polyline (N-point) branch still uses the inline finishBuildLine path: no fromSymbol/toSymbol markers, no per-line label and no emphasis/blur/select states, so polyline:true lines are inert on hover and unlabeled		"STALE-MARKER: LinesView.swift:50 and :144-145 say ""the `clip` option is not wired in this static view (no clip path set)"" while applyClipPath() at :439 does exactly that. STALE-MARKER: LinesView.swift:136-139 describes the port as skipping ""the draw helper"" and adding ""one shape per item to this.group (rebuilt from scratch each render)"" — the non-polyline path now drives the shared LineDraw with persistent diffed elements. STALE-MARKER: LinesView.swift:32-33/:37 header says the EffectLine/EffectPolyline effect is deferred, then correctly notes it is wired (self-contradictory header). Accurate markers: :57/:61/:488 (incremental/updateTransform/eachRendered), :147-149 (polar/geo), :455 (finishBuildLine deferrals)."
A	Sources/EChartsKit/chart/lines/linesInstall.swift	upstream/echarts/src/chart/lines/install.ts	minor	parity	95	none	1	0	0	registerVisual(linesVisual) is fulfilled: chart/lines/linesVisual.swift is a faithful port (normalize() of symbol/symbolSize into pairs, the four fromSymbol/toSymbol/fromSymbolSize/toSymbolSize data visuals, and the per-item dataEach returned only when data.hasItemOption with JS-truthy guards on each write) and it is driven by runSeriesStageHandler(linesVisual, ecModel, api) in ECharts.render() right after linesLayout			"All four upstream registrations are accounted for under this port's convention (registration boilerplate lives in core/ECharts.swift): registerSeriesModel via ComponentModel.registerClass in installOnce, registerChartView via the _chartViewFactories 'lines' entry, registerLayout via runSeriesStageHandler(linesLayout), registerVisual via runSeriesStageHandler(linesVisual). The visual's output is genuinely consumed (ECLine.makeSymbol/makeSymbolTypeValue read exactly those four item visuals) for the non-polyline mode; it remains unread by the inlined polyline branch and by geo lines, but that is a LinesView gap, not an install gap. Residual convention deviation only: the stage is a direct call rather than an entry in buildVisualHandlers() (which still returns []), pending sub-project C2. STALE-MARKER: linesInstall.swift:30-31 says ""The effect (moving dot / trail) and the large draw path are ANIMATED/DEFERRED"" — both are wired now (EffectLine.add and LargeLineDraw in LinesView.render)."
A	Sources/EChartsKit/chart/lines/linesLayout.swift	upstream/echarts/src/chart/lines/linesLayout.ts	minor	minor	95	low	2	1	0	`plan` is now a real `createRenderPlanner()` created once at module scope and wrapped in a 4-arg arity adapter, so the large/progressive mode-change 'reset' signal is produced for lines exactly as upstream ||| reset no longer guards on `coordSys as? Cartesian2D`; it casts to the `CoordinateSystem` protocol, and Geo (witness at Geo.swift:504) + Calendar (Calendar.swift:144) + Cartesian2D all conform, so geo and calendar lines now lay out	A lines series bound to a polar coordinate system still produces no layout at all (no lines drawn): Polar conforms only to CoordinateSystemMaster — its `dataToPoint(_:clamp:)` does not witness the CoordinateSystem requirement — so the cast fails and reset returns early		Body-for-body faithful otherwise: large-mode Float32Array packing, polyline len header, curveness control point, and the JS `+curveness` truthiness are all reproduced. The extra `offset < points.count` / `pt.count` bound guards are correct emulations of JS typed-array drop/NaN semantics (Swift would trap), not omissions. No stale markers found — the PORT-NOTEs at :43-51 and :67-75 accurately describe the shipped code.
A	Sources/EChartsKit/chart/map/MapView.swift	upstream/echarts/src/chart/map/MapView.ts	major	minor	90	low	4	2	2	"MapDraw + RoamController are now ported (component/helper/MapDraw.swift 1150 lines, RoamController.swift) and MapView owns a persistent `_mapDraw`, delegating the whole region backdrop to `MapDraw.draw`; `updateGeoRoamControllerSimply` wires pan/zoom to a `geoRoam` dispatch, so map roam is no longer a no-op (it re-renders fully instead of taking the updateTransform shortcut) ||| Region click-select functions: MapDraw stamps ecData via `data.setItemGraphicEl` and installs `ensureState(""select"").style`, EChartsView._handleClick dispatches `toggleSelect`, and ECharts.swift:2835-2841 routes it to `states.toggleSelectionFromPayload` + `updateSeriesElementSelection` ||| Region↔symbol hover link is ported: `_renderSymbolLabel` sets `getHighDownInner(regionGroup).onHoverStateChange = { setStatesFlag(circle, $0) }` (MapView.swift:318-323), so the legend-symbol circle reacts to region hover ||| State styles now go through `getFixedItemStyle` (moved to MapDraw.swift:95/:766-769 with emphasis/select/blur all fixed up), so state areaColor is resolved"	`projectionStream` (d3 clip/resample) is still hard-nil (MapDraw.swift:321-325) — a geo projection that needs clipping/antimeridian resampling renders distorted or clipped-wrong regions; `projectPolys` is ported but dormant ||| `__updateOnOwnRoam` is unreachable: roamHelperGeo registers the default `update: 'update'` instead of upstream's `update: 'updateTransform'`, so every pan/zoom rebuilds all region paths instead of re-transforming `_transformGroup` (correct output, much slower on large GeoJSON)	`(circle as ECElement).disableLabelAnimation = true` is a documented no-op (MapView.swift:301), so a legend-symbol label can animate its value on data change where upstream freezes it ||| STALE-MARKER: MapView.swift:111-113 says the mapToggleSelect guard 'only fires once select-action dispatch lands (select actions are not yet dispatched)' — select actions ARE dispatched now (EChartsView._handleClick → toggleSelect → ECharts.swift:2838)	The switchover to MapDraw is genuine and deep (GeoJSON+SVG builds, visualMap fill+decal, tooltip/event/state triggers, roam controller, select handler). The three deliberately-accepted behaviour changes documented at MapView.swift:39-56 (region morph dropped, entrance fade dropped, label position via labelXY percent array) are all in the direction of upstream and verified against MapDraw.ts.
A	Sources/EChartsKit/chart/map/mapInstall.swift	upstream/echarts/src/chart/map/install.ts	minor	parity	95	none	1	0	1	`createLegacyDataSelectAction('map', registerAction)` is ported (legacy/dataSelectAction.swift:59-107) and actually wired — called from `ECharts.installOnce()` at core/ECharts.swift:991 — so the legacy mapToggleSelect / mapSelect / mapUnSelect action names now register and rewrite to the modern toggleSelect/select/unselect with the matched seriesIndex list		STALE-MARKER: mapInstall.swift:82-84 says MapView's `render` 'still runs the inlined STATIC path rather than a persistent MapDraw, see the PORT-NOTE at MapView.swift:34' — MapView.swift now owns a persistent `_mapDraw` and delegates to `MapDraw.draw`; the referenced PORT-NOTE no longer exists at that line. The same stale claim ('MapView draws one CompoundPath per region… roam actions DEFERRED') is repeated at core/ECharts.swift:985-986.	This file is comment-only by repo convention (registration bodies live in ECharts.installOnce / the view-factory dictionaries). Every entry of its INTEGRATION SURFACE list was verified against the real call sites; only the two stale prose claims above are wrong. Note `mapSymbolLayoutStageHandler` remains unreferenced (the driver calls the 1-arg `mapSymbolLayout(ecModel)` directly), which is the repo-wide convention for sankey/radar/themeRiver too, not a map-specific gap.
A	Sources/EChartsKit/chart/pie/PieView.swift	upstream/echarts/src/chart/pie/PieView.ts	major	parity	96	none	5	0	1	"select-state `selectedOffset` dx/dy translate is implemented (PieView.swift:346-349, 373-396): the sector, its label text and its leader line all get `ensureState('select').x/.y`, so selecting a slice explodes it ||| `getSectorCornerRadius` is wired for the normal shape with zeroIfNull (:266-268), so itemStyle.borderRadius / innerCornerRadius now reach the sector instead of being forced to 0 ||| the SSR `scaleX/scaleY` isFrom branch (:280-287) and the `animationType === 'scale'` r0→r grow (:288-295) are both ported alongside the expansion enter ||| `itemModel.getShallow('cursor')` is applied via `sector.attr(""cursor"", …)` (:352-354) ||| per-state corner-radius merges are present for emphasis/select/blur (:368-383) and `_updateLabel` now gates the leader line on `label.position` being 'outside'/'outer' (:494-500) rather than on labelLine.show"		A slice added to an already-drawn pie uses `initProps` (:319) where upstream uses `graphic.updateProps` for that branch, so it animates with the enter animation config (animationDuration/Delay/Easing) instead of the update config — timing-only divergence, geometry identical	data.diff add/update/remove, saveOldStyle, removeElementWithFadeOut, empty-circle, containPoint, animationTypeUpdate:'expansion' non-retention and the label/leader-line subsystem all match upstream. The comment at :360-364 warning that per-state cornerRadius 'is carried but only the outer-radius grow renders' is over-pessimistic: Element.anyStrictEqual has an explicit CornerRadius value-compare (Element.swift:2052-2058) and the duration-0 state apply direct-sets it, so the value does land — worth re-verifying visually but not gradeable as an open gap.
A	Sources/EChartsKit/chart/radar/RadarView.swift	upstream/echarts/src/chart/radar/RadarView.ts	major	minor	93	low	5	1	2	the per-vertex value-label block (upstream :251-264) is ported in `styleRadarSymbols` (:444-460): defaultText from `getStore().get(getDimensionIndex(i), idx)` with the NaN→'' rule, plus labelDataIndex / labelDimIndex / inheritColor / defaultOpacity through setLabelStyle ||| the per-state loop is ported: `polygon.ensureState(name).ignore = stateIgnore && polygonIgnore` (:347-351) and the per-state symbol itemStyle clone `symbolPath.ensureState(name).style = getItemStyle()` (:439-442); polyline/polygon per-state line/area styles come from setStatesStylesFromModel (:333-334) ||| vertex symbols honour symbolRotate — `rotation = symbolRotate * pi/180` with originX/originY at the vertex (:388-390, :298) ||| vertex symbols apply the full itemStyle + setColor + strokeNoScale (:426-435) ||| the ZRImage image-symbol branch (upstream :236-244) is ported (:419-425) via `radarImageStyleFrom`, preserving image/x/y/width/height and layering the itemStyle on top	`decal: itemStyle.decal` is still dropped from the area polygon's style defaults (:356) — a radar series with a decal-encoded visual (e.g. aria decal or visualMap decal) renders as flat fill with no pattern	The vertex symbols get a scale-in entrance (`scaleX/scaleY 0→1`, :391-396) that upstream does not do — upstream only tweens symbol POSITION from the old points; a first render therefore pops the markers in where echarts does not ||| STALE-MARKER: RadarView.swift:33-34 says 'PORT-NOTE (deferred): the per-state symbol itemStyle clone + per-state polygon.ignore toggle remain deferred' — both are implemented at :439-442 and :347-351 respectively	Structure now follows upstream closely (data.diff add/update/remove, saveOldStyle before the restyle pass, eachItemGraphicEl styling pass, toggleHoverEmphasis on the itemGroup). Remaining structural deviations are benign: symbols are built at final size/position instead of unit-symbol + scaleX/scaleY, and are stored untagged so the enumeration index stands in for `__dimIdx` (correct because they are added in vertex order).
A	Sources/EChartsKit/chart/sankey/SankeyView.swift	upstream/echarts/src/chart/sankey/SankeyView.ts	minor	minor	94	low	4	0	2	"the edge `setStatesStylesFromModel(curve, edgeModel, 'lineStyle', cb)` now passes the applyCurveStyle callback (:448-451 via `applyCurveStyleToDict`), so an emphasis-state lineStyle.color of 'source'/'target'/'gradient' resolves to a real paint on hover instead of staying a sentinel string ||| node and edge decal are bridged: `rect.pathStyle.decal = sankeyDecal(node)` (:544-549) and both applyCurveStyle branches set `curve.pathStyle.decal` (:698, :702); the state-dict form sets style[""decal""] too ||| the first-render grow-in clip animation is wired: `createGridClipShape` (:731-741) builds the width-0 padded Rect and initProps tweens it open with removeClipPath as the completion callback, gated on `_data == nil && isAnimationEnabled()` (:631-637) ||| edge/node labels use the forced dataType: the edge fetcher is a `LabelFetcherFn` calling `getFormattedLabel(dataIndex, status, .edge, labelDimIndex, retrieve3(formatter, edgeLabelNormalFormatter, defaultEdgeLabelText), extendParams)` (:410-418) — including the formatter-inheritance guard — and the node fetcher forces `.node` (:530)"		`(rect as ECElement).disableLabelAnimation = true` is not bridged (:536-537), so sankey node labels are not opted out of label value animation ||| STALE-MARKER: SankeyView.swift:689 says 'states are DEFERRED here, so the resolver operates directly on curve.pathStyle' — edge states ARE wired at :448-451 through `applyCurveStyleToDict`; likewise :46 says retrieve3 is 'only used by the deferred label formatter' while it is used live at :416	Node rect (borderRadius→r, z2, itemStyle, focus adjacency/trajectory), edge bezier control points for both orients, drift/dragNode dispatch, setTextConfig 'inside', and the ecData dataType tags all match upstream. Roam still goes through a full re-render (documented at :265) rather than __updateOnOwnRoam — a perf deviation shared with MapView, not a behaviour break.
A	Sources/EChartsKit/chart/scatter/ScatterView.swift	upstream/echarts/src/chart/scatter/ScatterView.ts	minor	minor	85	medium	4	2	1	`createSymbolDrawOpt`'s clipShape is wired in both the normal and large branches (`opt.clipShape = createCoordSysClipAreaSimply(seriesModel) as? SymbolClipShape`, :219 and :250), so out-of-bounds points are clipped under the default clip:true ||| `remove()` is overridden (:264-269) and calls `_symbolDraw?.remove(true)` (plus the large draw), so the leave animation/cleanup runs when the series is filtered out ||| stacked scatter dim substitution is wired: every coord branch maps its dim through `getStackedDimension(data, …)` (:91-92, :105-106, :139), so a stacked scatter plots stacked positions ||| the matrix coordinateSystem branch is implemented (:146-162) — x/y locators resolved through `data.get` and `matrix.dataToPoint`, mirroring HeatmapView — instead of an early-return no-op	`updateTransform` is not overridden, so a geo/polar roam (VIEW_COORD_SYS_ANIMATION path) does not re-run pointsLayout and `_symbolDraw.updateLayout`: scatter points do not follow the coordinate system during a roam/transform animation and only correct themselves on the next full render ||| `incrementalPrepareRender` / `incrementalRender` are not ported, so large/progressive scatter renders single-pass — no progressive chunking, and `_finished`/getIncrementalId bookkeeping is absent (a very large dataset blocks in one frame)	`eachRendered` is not overridden to delegate to the symbol draw, so it falls back to the ChartView group walk (mostly equivalent, but LargeSymbolDraw internals are not enumerated the way upstream's ISymbolDraw.eachRendered does)	The view is no longer the 'static subset' its header claims — it drives the real SymbolDraw/LargeSymbolDraw with getSymbolPoint plus the jitterLayout pre-pass. STALE-MARKER: ScatterView.swift:1-12 says SymbolDraw, LargeSymbolDraw, layout/points and createClipPathFromCoordSys are 'NONE of those are ported yet', contradicted by :219/:239/:250 and the ported files themselves. Also flagged in-file (:178-186): the large-mode predicate is still recomputed inline instead of reading `seriesModel.pipelineContext.large`, so any change to preparePipelineContext must be mirrored here.
A	Sources/EChartsKit/chart/sunburst/SunburstPiece.swift	upstream/echarts/src/chart/sunburst/SunburstPiece.ts	minor	minor	92	low	2	1	1	"per-state label placement is ported (:466-559): for emphasis/blur/select the loop recomputes position/distance/align/rotate with the upstream `getLabelAttr` normal-fallback, writes x/y/rotation onto `label.ensureState(name)`, merges align/verticalAlign onto the per-state textStyle, honours the per-state `show`→ignore rule, and sets the sector state's textConfig outsideFill/inside from that state's itemStyle fill ||| per-state corner-radius shape augmentation is ported at upstream's position (:180-186): `state.shape = [""cornerRadius"": getSectorCornerRadius(itemStyleModel, sectorShape)]` for each SPECIAL_STATE, with the style half still supplied by setStatesStylesFromModel"	The entrance animation still sweeps `endAngle` open (:198-202) instead of upstream's `shape.r = layout.r0` → initProps to `layout.r` radius expansion, so a sunburst enters as a clock-wipe rather than rings growing outward from the centre	"`label.distance` and `label.minAngle` are read with a bare `as? Double` (:332, :371, :479), so an Int-boxed option value (the normal spelling in a Swift option literal, e.g. `""distance"": 5`) is silently dropped → padding 0 / min-angle guard disabled. The new per-state placement loop replicates the same trap for the state-level `distance`."	Everything else matches: decal via createOrUpdatePatternFromDecal, lineJoin 'bevel', zeroIfNull corner radius on the normal shape, cursor, focus relative/ancestor/descendant index resolution, saveOldStyle + updateProps morph, and the radial/tangential/needsFlip rotation math. The deliberate deviation from upstream's inline `createTextStyle` DISPLAY_STATES loop to `setLabelStyle` on the ZRText is sound (matches ChordPiece) and preserves the radial x/y/rotation ownership. The `node.piece` write-back is still dropped (TreeNode has no slot) — harmless while SunburstView does not consult it.
A	Sources/EChartsKit/chart/sunburst/SunburstSeries.swift	upstream/echarts/src/chart/sunburst/SunburstSeries.ts	major	parity	96	none	2	0	0	beforeLink wrapMethod('getItemModel') injection now genuinely fires: SeriesData.wrapMethod routes 'getItemModel' into _getItemModelInjections (SeriesData.swift:1349) and SeriesData.getItemModel threads every injection through the freshly built Model (SeriesData.swift:1074), so per-node model.parentModel = levelModels[node.depth] takes effect and levels[] itemStyle/label are inherited ||| getDataParams override is implemented: params.treePathInfo = treeHelper.wrapTreePathInfo(node, self) (line 178) with the upstream '[] when node missing' semantics; treeHelper.wrapTreePathInfo is a full port and CallbackDataParams.treePathInfo exists (util/types.swift:1158), so tooltip/label formatters receive the tree path			Function-by-function equal to upstream: getInitialData (virtual root + completeTreeValue + levelModels + Tree.createTree/beforeLink), optionUpdated, getDataParams, getLevelModel, getViewRoot/resetViewRoot, enableAriaDecal, and defaultOption key-for-key. completeTreeValue matches including the array-value write-back. Only nit (not user-visible): completeTreeValue skips non-dictionary children (a raw-number child contributes 0 to sum instead of upstream's NaN poisoning). PORT-NOTE at lines 118-125 correctly describes the now-live injection (not stale).
A	Sources/EChartsKit/chart/sunburst/SunburstView.swift	upstream/echarts/src/chart/sunburst/SunburstView.ts	minor	minor	93	low	2	1	0	getId-keyed DataDiffer reconciliation is now real: dualTravel builds DataDiffer(oldChildren,newChildren,getKey,getKey) with getKey = node.getId() and wires add/update/remove against a persistent _pieceMap (the port's node.piece slot), so an identity change at equal count reuses the right piece instead of morphing positionally ||| renderRollUp now MORPHS the existing virtualPiece via updateData(false, virtualRoot, ...) when one exists and only creates/removes it on the depth>0 / depth==0 transitions, matching upstream	A node configured with nodeClick:'link' still opens nothing: the branch is wired (reads link + target, calls format.windowOpen) but format.windowOpen (util/format.swift:455) is an empty host-seam stub, so clicking a link node has no user-visible effect		Remaining differences are all documented conventions: per-piece click binding replaces upstream's single group.on('click') + node.piece===e.target scan (SunburstPiece is a Sector, so behaviour matches), and upstream's viewRoot.piece.off('click') is intentionally skipped because _rootToNode(node) is a guarded no-op when node IS the view root. containPoint, renderLabelForZeroData gating and setItemGraphicEl wiring are faithful.
A	Sources/EChartsKit/chart/sunburst/sunburstAction.swift	upstream/echarts/src/chart/sunburst/sunburstAction.ts	minor	parity	98	none	1	0	0	payload.direction ('rollUp'/'drillDown') is now observable: the rootToNode handler mutates a local copy and RETURNS payload.other, and ECharts.doDispatchAction uses it as the emitted event data (`e.eventData = actionResult ?? batchItem.other`, ECharts.swift:2653), reproducing upstream's mutated-payload event			All three registrations (sunburstRootToNode update:'updateView', deprecated sunburstHighlight→highlight, sunburstUnhighlight→downplay) are present with faithful bodies and are invoked live from ECharts.installOnce (ECharts.swift:1154). Only omission is the dev-only deprecateReplaceLog, which is explicitly a __DEV__ log.
A	Sources/EChartsKit/chart/sunburst/sunburstInstall.swift	upstream/echarts/src/chart/sunburst/install.ts	minor	minor	92	none	0	1	0		No callable install(registers) entry point exists in this file, so sunburst cannot be opted into/out of as an extension; registration is hardcoded in the driver instead		"Verified the file's liveness claim rather than trusting it: ECharts.installOnce really does perform all five upstream registrations — ComponentModel.registerClass(SunburstSeriesModel.self) (ECharts.swift:792), _chartViewFactories[""sunburst""] = { SunburstView() } (ECharts.swift:1331), sunburstLayoutStageHandler.overallReset (ECharts.swift:2008), sunburstVisualStageHandler.overallReset in performCoordlessSeriesVisualStage (ECharts.swift:1740), and installSunburstAction(ECharts._registers) (ECharts.swift:1154). File is pure commentary by repo convention (same as boxplotInstall.swift); no behaviour is missing at runtime."
A	Sources/EChartsKit/chart/tree/TreeSeries.swift	upstream/echarts/src/chart/tree/TreeSeries.ts	minor	parity	97	none	2	0	0	beforeLink's nodeData.wrapMethod('getItemModel') is no longer a stub — SeriesData.getItemModel runs the stored injection (SeriesData.swift:1074), so non-expanded/leaf nodes get model.parentModel = leavesModel and `leaves` itemStyle/label/lineStyle now apply ||| getDataParams override is implemented (lines 253-278): params.treeAncestors = treeHelper.wrapTreePathInfo(node, self) and params.collapsed = !node.isExpand, both slots present on CallbackDataParams (util/types.swift:1158-1160)			getInitialData (virtual root, leavesModel, treeDepth scan, expandTreeDepth incl. the Int/Double coercion for initialTreeDepth, item.collapsed override), getOrient, formatTooltip, __ownRoamView and defaultOption all match upstream key-for-key. Deliberate documented divergence in getDataParams: when getNodeByDataIndex returns nil the port returns base params untouched (upstream would throw) — safe.
A	Sources/EChartsKit/chart/tree/TreeView.swift	upstream/echarts/src/chart/tree/TreeView.ts	major	minor	87	medium	3	3	0	Radial label block is now ported line-for-line (decorateNode, TreeView.swift:596-645): rad/isLeft computation incl. the realRoot-children midpoint special case, textConfig.position left/right, rotation = -rad (or label.rotate in radians), origin 'center' and verticalAlign 'middle' — radial-tree labels are rotated and on the correct side ||| symbolInnerColor is applied: decorateNode computes (node.isExpand == false && !node.children.isEmpty) ? visualColor : neutral00 and calls ECSymbol.setColor(visualColor, symbolInnerColor) (util/symbol.swift:421 fills the empty-brush centre), so collapsed nodes again show the filled inner marker ||| drawEdge now calls states.setDefaultStateProxy(edge) (TreeView.swift, after setStatesStylesFromModel), matching upstream TreeView.ts:555, so the edge's emphasis/blur states route through the shared highDown machinery	_updateNodeAndLinkScale / calcCompensationScaleToPreserveNodeSize is still unwired (TreeView.swift:358-359, 504): roam zoom scales _mainGroup wholesale (roamHelperViewGroup sets group.scaleX/scaleY), so node symbols, labels and edge stroke widths grow/shrink with zoom instead of preserving their size — calcCompensationScaleToPreserveNodeSize is ported (coord/View.swift:805) but Symbol has no setSymbolScale ||| Node/edge enter and remove animation is only partial: SymbolDraw tweens node x/y on update and fades removed nodes out, but new nodes still appear at their final position (no grow-out from the parent's old layout, no __oldX/__radialOldRaw* snapshot) and removed edges are deleted instantly — upstream's removeNode/removeNodeEdge (graphic.removeElement collapse-to-source + opacity 0 + fadeOut with animationDurationUpdate) is absent ||| Edge emphasis state never applies on node hover: the onHoverStateChange forwarder only calls states.leaveBlur(edgeEl) instead of upstream's setStatesFlag(symbolEl.__edge, toState), so the emphasis lineStyle installed by setStatesStylesFromModel is unreachable — hovering a node brightens the node but not its edge's emphasis style		"STALE-MARKER: TreeView.swift:1 (""Ported (STATIC SUBSET)"") and TreeView.swift:28 (""updateProps/removeElement ... are not used HERE — this static render sets final geometry directly"") are stale — the file now calls updateProps on reused edges (line 743) and relies on SymbolDraw's tweened update path. STALE-MARKER: TreeView.swift:827 says ""The static render rebuilds the group each pass"" but the group is explicitly NOT wiped any more (retained _symbolDraw + _edges registry). Also note the pre-existing (not newly introduced) non-upstream orthogonal label-side heuristic treeLabelPosition(), which upstream does not do; and roam is wired through the authorized viewGroupRoam deviation rather than the in-view RoamController (dispose() is a no-op as a result)."
A	Sources/EChartsKit/chart/treemap/Breadcrumb.swift	upstream/echarts/src/chart/treemap/Breadcrumb.ts	minor	parity	97	none	2	1	0	"onclick=curry(onSelect,itemNode) is wired: each breadcrumb Polygon binds el.on(""click"") → onSelect(itemNode) (line 249), and the TreemapView call site is no longer a no-op — it drills via aboveViewRoot ? _rootToNode : _zoomToNode (TreemapView.swift:443-456), so clicking a breadcrumb item zooms/roots as upstream ||| packEventData now includes treePathInfo = treeHelper.wrapTreePathInfo(itemNode, seriesModel) (line 338), with the key genuinely absent when itemNode is nil (matching upstream's `&&` truthiness)"	(el as ECElement).disableLabelAnimation = true is still a documented no-op (line 254-256); harmless today because label animation is not ported at all, but breadcrumb text would animate once it is		render/_prepare/_renderContent/makeItemPoints/packEventData all match upstream statement-for-statement, including the totalWidth>availableSize.width shrink-and-hide-text branch, defaults(itemStyle,{lineJoin:'bevel'}), z2 = Z2_EMPHASIS_LIFT*1e4, the emphasis text style on the textContent's state and toggleHoverEmphasis(focus, blurScope, disabled).
A	Sources/EChartsKit/chart/treemap/TreemapSeries.swift	upstream/echarts/src/chart/treemap/TreemapSeries.ts	minor	parity	97	none	2	0	0	getDataParams override is implemented (lines 253-277): params.treeAncestors = wrapTreePathInfo(node, self) plus the compatibility alias params.treePathInfo = params.treeAncestors, so treemap formatter callbacks receive the ancestor path ||| designatedVisualItemStyle is now a reference-typed NSMutableDictionary (line 90/149) stored as-is inside designatedVisualModel's option, so treemapVisual's write-through (treemapVisual.swift:208/212) IS observed by designatedVisualModel.get(['itemStyle',...]) — Model._doGet bridges the NSMutableDictionary live on each read; the shared-JS-object semantics are reproduced			"STALE-MARKER: TreemapSeries.swift:183 (""POTENTIAL-BUG: ... `getItemModel` never calls its registered injection, so the injected closure below is stored but NOT invoked"") and TreemapSeries.swift:206 (""The port's getItemModel does not run wrapMethod injections"") are both stale — SeriesData.getItemModel now runs _getItemModelInjections (SeriesData.swift:1074), so the beforeLink closure DOES set model.parentModel = levelModel ?? designatedVisualModel. Same stale claim at Sources/EChartsKit/data/Tree.swift:278, whose compensating TreeNode.getModel reparenting now double-applies the identical parentModel (harmless: both paths pick levelModels[depth] with the designatedVisualModel fallback, and it only triggers for treemap since only Tree.levelModels is populated there). defaultOption is key-for-key identical to upstream; setDefault, mapIdToIndex, setLayoutInfo, getViewRoot/resetViewRoot, formatTooltip and enableAriaDecal are faithful."
A	Sources/EChartsKit/chart/treemap/TreemapView.swift	upstream/echarts/src/chart/treemap/TreemapView.ts	major	minor	82	medium	3	4	0	_initEvents node click is fully wired: click handler reads nodeClick, resolves findTarget, and routes isLeafRoot -> _rootToNode, 'zoomToNode' -> _zoomToNode, 'link' -> format.windowOpen(link, target||'blank') ||| _zoomToNode/_rootToNode now dispatch real payloads (treemapZoomToNode / treemapRootToNode with from/seriesId/targetNode) and installTreemapAction + treemapLayout consume them (resetViewRoot / retrieveTargetInfo), so drill-down and roll-up navigate; Breadcrumb onSelect callback now calls aboveViewRoot ? _rootToNode : _zoomToNode ||| renderBackground/renderContent state styles now use the upstream treemap makeStyleMapper (getStateItemStyle) with the background's emphasis/blur/select fill overridden to the state's borderColor, replacing the generic setStatesStylesFromModel mapping	Roam pan/zoom still applies the accumulated roam as a container-group TRANSFORM (viewGroupRoamApplyStateToGroup) instead of upstream's treemapMove/treemapRender re-layout, so zooming scales tile labels, borders and gaps instead of re-squarifying tiles into the shifted rootRect ||| _doAnimation is still absent: drill-down/roll-up re-root has no fade-out-to-corner / re-root transition (tiles snap to the new root; only a plain opacity fade-in on fresh tiles and an x/y+shape morph on reused ones) ||| Hierarchical DataDiffer dualTravel reuse is still replaced by a node-count gate (_prevNodeCount): any structural change (add/remove node, drill to a different depth) wipes the container and rebuilds, losing per-node element identity and the delete/invisible deferral (renderFinally, processInvisible) ||| Emphasis-state drill-down icon variant on the label is still not applied (only the normal-state label gets the drillDownIcon prefix)		"STALE-MARKER: Sources/EChartsKit/chart/treemap/TreemapView.swift:29-32 says ""treemap's states/emphasis/high-down dispatch is still DEFERRED here"" but the code calls states.toggleHoverEmphasis (l.695/731) and states.setDefaultStateProxy (l.822/892) with focus/blurScope/disabled resolved from the emphasis model. Verified against upstream: treemapAction.swift registers the noop zoom action + the rootToNode handler, and treemapLayout.swift:148-166 reads payloadType/retrieveTargetInfo, so the click path really re-roots. Downgraded major -> minor: the drill/zoom feature (the thing that was broken) now works; what is left is animation polish, element-reuse and the roam-as-transform deviation."
A	Sources/EChartsKit/component/axis/AngleAxisView.swift	upstream/echarts/src/component/axis/AngleAxisView.ts	minor	minor	95	low	3	1	0	Per-category axisLabel textStyle override is wired: rawCategoryData[tickValue] object form with a textStyle key builds `Model(textStyle, commonLabelModel, ecModel)` per label, exactly as upstream ||| graphic.setTooltipConfig is now called on every axis label with componentModel/itemName and the ordered formatterParamsExtra (isTruncated closure, value, tickIndex) using KeyValuePairs so $vars stay positional ||| pathStyleFromDict now bridges gradient/pattern paints through zrPaintFromStyleValue for both fill and stroke and maps lineDash (array/false/solid/dashed/dotted), so gradient split-areas and dashed split-lines render	Axis labels are built by AxisBuilder's local createTextStyle shim, which only carries text/font/fill/align/verticalAlign/overflow/width/ellipsis/rich — axisLabel decorations (padding, backgroundColor, borderColor/borderWidth/borderRadius, textShadow, textBorderColor/Width, lineHeight) are dropped for polar angle-axis labels		Function-by-function comparison against AngleAxisView.ts shows axisLine/axisTick/minorTick/splitLine/minorSplitLine/splitArea/axisLabel builders all faithful, including the fixAngleOverlap pop, the Circle-vs-Arc/Ring branch with fill cleared, and triggerEvent eventData. Only the shared createTextStyle shim limitation (owned by AxisBuilder.swift) keeps this off full parity.
A	Sources/EChartsKit/component/axis/AxisBuilder.swift	upstream/echarts/src/component/axis/AxisBuilder.ts	minor	minor	90	medium	4	5	0	Cross-axis name-overlap resolution is now real: resetOverlapRecordToShared (label geometry union + stOccupiedRect + sorted labelInfoList), moveIfOverlap (labelIntersect + MTV translation), moveIfOverlapByLinearLabels and resolveAxisNameOverlapDefault are ported and invoked from layOutAxisTickLabel / the axisName builder under cfg.shouldNameMoveOverlap, so the axis name is nudged away from the labels ||| buildAxisLabel per-category textStyle override is wired (rawCategoryData[tickValue].textStyle -> Model(textStyle, labelModel, ecModel)) so per-category label styling applies ||| nameMarginLevel is honoured: extraParams.nameMarginLevel (clamped 0..2) selects DEFAULT_CENTER_NAME_MARGIN_LEVELS / DEFAULT_ENDS_NAME_MARGIN_LEVELS as the name layout's marginDefault ||| triggerEvent eventData is now packed on both the axis name (targetType 'axisName' + name) and the axis labels (targetType 'axisLabel' + value/tickIndex/break/dataIndex), so axis click events carry upstream's payload	Function-form axisLabel.color callback is still dropped: ColorString is String, so the isFunction(textColor) branch (per-label color computed from rawLabel/tickValue and index) is unreachable and every label falls back to the plain string color ||| axisLine.breakLine rendering is still deferred (getAxisBreakHelper() is nil): a broken value axis always draws one plain Line instead of upstream's segmented break line (only a minimal break-marker glyph is added) ||| graphic.setTooltipConfig is still not called on the axis name or the axis labels, so component tooltips on axis labels/name (including the truncation isTruncated params and textEl.__fullText) never appear even though setTooltipConfig itself is ported (util/graphic.swift:391) and used by AngleAxisView ||| addBreakEventHandler is still absent, so clicking a break boundary label never dispatches the axis-break expand action ||| The local createTextStyle shim (AxisBuilder.swift:1864) only fills text/font/fill/align/verticalAlign/overflow/width/ellipsis (+rich), so axis name and axis label decorations (padding, backgroundColor, border*, textShadow, textBorder*, lineHeight) declared in nameTextStyle/axisLabel are silently dropped		Verified builders map 1:1 with upstream (axisLine/axisTickLabelEstimate/axisTickLabelDetermine/axisName) plus layOutAxisTickLabel, adjustBreakLabels, fixMinMaxLabelShow, syncLabelIgnoreToMajorTicks, createTicks, buildAxisMajor/MinorTicks, dealLastTickLabelResultReusable, buildAxisLabel, updateAxisLabelChangableProps. Only addBreakEventHandler has no Swift counterpart. Coverage raised 85 -> 90; priority stays medium because the tooltip-config lane and the function-form color are user-visible.
A	Sources/EChartsKit/component/axis/CartesianAxisView.swift	upstream/echarts/src/component/axis/CartesianAxisView.ts	minor	minor	94	low	4	2	0	splitArea now renders: rectCoordAxisBuildSplitArea is ported inline (tick-band rects, areaColors cycling, the lastSplitAreaColors continuity seed keyed by tickValue, anid 'area_<tick>', autoBatch/silent) and wired into the splitArea builder ||| graphic.groupTransition(oldAxisGroup, this._axisGroup, axisModel) is now called on every non-bar-racing render, and util/graphic.swift's getAnimatableProps emits shape as a per-key [String:Any] bag (shape.animationProps()), so anid-matched axis elements animate including their shape ||| remove() now calls rectCoordAxisHandleRemove, clearing the cached _splitAreaColors so a re-added axis restarts its splitArea color/anid sequence like upstream ||| lineStylePropsFromDict now maps lineDash (number array / false / 'solid'|'dashed'|'dotted') to the LineDash enum, so dashed and dotted splitLine/minorSplitLine styles render as dashes	lineStylePropsFromDict still bridges stroke/fill only from String, so a splitLine color or splitArea band color declared as a gradient/pattern object is silently dropped (AngleAxisView/RadiusAxisView already have the zrPaintFromStyleValue bridge; this file does not) ||| The breakArea builder is still a no-op because getAxisBreakHelper() returns nil, so an axis with breaks draws no break area/zigzag when the axis-break feature would be installed		"STALE-MARKER: Sources/EChartsKit/component/axis/CartesianAxisView.swift:139-152 states ""the shape leg does NOT tween ... there is no file-scope getAnimatableProps symbol ... shape-carrying axis elements therefore snap"" and carries a PORT-TODO for it, but util/graphic.swift:337-357 already builds obj[""shape""] = shape.animationProps() ([String:Any] per-key bag) and ZRenderKit PathShape.animationProps/LineShape.animationGet are implemented, so shapes DO tween. The marker (and the identical claim in the RadiusAxisView comment, which is the correct one) should be reconciled."
A	Sources/EChartsKit/component/axis/RadiusAxisView.swift	upstream/echarts/src/component/axis/RadiusAxisView.ts	minor	parity	97	none	3	0	0	graphic.groupTransition(oldAxisGroup, newAxisGroup, radiusAxisModel) is now called right after the AxisBuilder group is added, and the ported groupTransition flattens shape into per-key animatable props, so anid-matched axis line/ticks/labels tween on re-render ||| pathStyleFromDict now preserves gradient and image-pattern paints via radiusPaintFromStyleValue (linear/radial gradients with colorStops, pattern image/repeat/x/y/rotation/scale) for both split-line stroke and split-area fill, and maps lineDash ||| The layoutAxis z2:1 concern is resolved as a non-gap: upstream AxisBuilderCfg has no z2 field and AxisBuilder.ts never reads cfg.z2 either, so upstream's z2:1 is equally inert; draw order comes from the same add() ordering in render(), which the port reproduces			Compared render(), the splitLine (Circle vs Arc branch, r clamped >= 0, color batching, fill cleared), minorSplitLine and splitArea builders and layoutAxis against upstream — behaviour matches. The only residual decorative limitation (axis label padding/background/border via AxisBuilder's createTextStyle shim) belongs to AxisBuilder.swift, not this file.
A	Sources/EChartsKit/component/axis/SingleAxisView.swift	upstream/echarts/src/component/axis/SingleAxisView.ts	major	minor	95	low	4	2	0	splitArea bands now render: rectCoordAxisBuildSplitArea is ported inline against the _splitAreaColors store (tick bands, areaColors cycling, previous-render color/anid continuity, anid 'area_<tick>' with integral formatting, autoBatch/silent) and called from the splitArea builder ||| remove() now calls rectCoordAxisHandleRemove, clearing the cached splitArea colors ||| pathStyleFromDict now maps lineDash (array / false / 'solid'|'dashed'|'dotted') to the LineDash enum so dashed splitLine styling renders ||| graphic.groupTransition(oldAxisGroup, this._axisGroup, axisModel) is now called at the end of render(), giving anid-matched transition animation on re-render	pathStyleFromDict still maps fill/stroke from String only (explicit POTENTIAL-BUG comment at SingleAxisView.swift:353-359): a splitLine stroke or splitArea band color given as a gradient/pattern object is silently dropped ||| The breakArea builder remains a no-op (getAxisBreakHelper() is nil), so a single axis with breaks draws no break area		render() ordering now matches upstream exactly (group.removeAll, add _axisGroup then axisBuilder.group, run selfBuilderAttrs, groupTransition, super.render). splitLine adds to `group` and splitArea to `axisGroup`, same as upstream.
A	Sources/EChartsKit/component/axisPointer/BaseAxisPointer.swift	upstream/echarts/src/component/axisPointer/BaseAxisPointer.ts	minor	minor	96	low	1	1	0	The moveAnimation transition branch is ported: BaseAxisPointer.updateProps(animationModel, moveAnimation, el, props) now memoizes props per element (_lastProps keyed by ObjectIdentifier, with propsEqual/propValueEqual) and either calls the ported graphic.updateProps (animated) or stopAnimation()+attr (snap); it is used by updatePointerEl (shape), updateLabelEl (x/y) and _moveHandleToValue (!isInit && _moveAnimation), and the memo is cleared on handle release / drag end / clear()	The pointer group and handle are still hosted through the hostAdd/hostRemove/hostAddHandle/hostRemoveHandle seam closures instead of api.getZr().add/remove; ExtensionAPI.getZr() now exists (ExtensionAPI.swift:146, ECharts.swift:3499), so an integrator that constructs a pointer without wiring the four closures gets an invisible crosshair/handle where upstream would always render		"STALE-MARKER: Sources/EChartsKit/component/axisPointer/BaseAxisPointer.swift:112-118 says ""ExtensionAPI has no getZr()"" — it does now (ExtensionAPI.swift:146; ECharts's api override returns the live zr), so the host-seam deviation is no longer forced. EChartsView.swift:1244-1250 and the demo gallery do wire the seam, so the shipped paths render. All upstream methods (render/remove/dispose/determineAnimation/makeElOption/createPointerEl/createLabelEl/updatePointerEl/updateLabelEl/getHandleTransform/updateHandleTransform/_renderHandle/_moveHandleToValue/_onHandleDragMove/_doDispatchAxisPointer/_onHandleDragEnd/clear/doClear/buildLabel + the module helpers) are present."
A	Sources/EChartsKit/component/axisPointer/axisTrigger.swift	upstream/echarts/src/component/axisPointer/axisTrigger.ts	minor	parity	96	none	3	0	0	The series.getAxisTooltipData branch in buildPayloadsBySeries is ported via the AxisTooltipDataSeries protocol (ThemeRiver conforms; candlestick/boxplot simply are not ported yet), including upstream's quirk of NOT early-continuing on an empty result ||| linkGroup.mapper is now invoked: makeMapperParam is ported and the linked-axis value is passed through mapper(val, srcParam, tarParam) and re-parsed with tarAxisInfo.axis.scale.parse, instead of passing through unmapped; modelHelper.swift:222 populates linkGroup.mapper from the link option ||| dispatchHighDownActually's last-highlight store keyed on the ExtensionAPI via model.makeInner is behaviourally equivalent to upstream's api.getZr() key (one ExtensionAPI per chart instance), so this is no longer a functional gap			"STALE-MARKER: Sources/EChartsKit/component/axisPointer/axisTrigger.swift:37 and :543-544 both say ""this port's ExtensionAPI has no getZr()"" — ExtensionAPI.swift:146 defines getZr() and ECharts.swift:3499/3529 return the live zr. STALE-MARKER (adjacent file, same feature): Sources/EChartsKit/component/axisPointer/modelHelper.swift:46 says ""link-group value mapping (axisTrigger's cross-axis linking) is deferred"" while axisTrigger.swift:269-272 implements it. Caveat on the mapper: the callback is stored as Any? and only fires when the option supplies a Swift closure of exactly (Any?, [String:Any], [String:Any]) -> Any?."
A	Sources/EChartsKit/component/axisPointer/findPointFromSeries.swift	upstream/echarts/src/component/axisPointer/findPointFromSeries.ts	minor	minor	95	low	0	1	0		seriesModel.getTooltipPosition branch still absent: a series that overrides getTooltipPosition (map/radar) gets the coordSys/bounding-rect fallback point instead of its own tooltip anchor		File is unchanged in substance since the last audit (one 'cross-file migration' commit, 72b7a64). Lines 106-111 carry an honest PORT-NOTE — the branch really is missing, no stale marker. Everything else (queryDataIndex packing, isStacked stackResultDimension path, dims map + getValues, el bounding-rect fallback) matches upstream exactly. Second, unrecorded divergence worth noting but not user-breaking today: the `coordSys && coordSys.dataToPoint` arm is narrowed to `as? Cartesian2D`, so a polar/geo/single series falls through to the el-bounding-rect branch instead of dataToPoint (center of the symbol is usually the same point, so it rarely shows).
A	Sources/EChartsKit/component/axisPointer/globalListener.swift	upstream/echarts/src/component/axisPointer/globalListener.ts	minor	parity	98	none	1	0	0	'handler fan-out is not throttled' — verified against upstream: globalListener.ts imports no util/throttle and calls every record.handler synchronously inside useHandler's zr listener. The recorded gap was based on a false premise; the Swift fan-out already matched upstream and the file now documents this explicitly (lines 50-70).			Function-by-function equal: register/unregister/initGlobalListeners (click/mousemove/mousewheel/globalout), makeDispatchAction pend/merge, dispatchTooltipFinally last-wins. Two inert deltas: (a) makeDispatchAction's else-branch omits upstream's `payload.dispatchAction = dispatchAction` re-stamp — dead today because axisTrigger.swift only routes showTip/hideTip through this closure (highlight/downplay go straight to api.dispatchAction at :590/:597); (b) unregister removes the key rather than setting it to null — same fan-out result. The old PORT-NOTE claiming upstream throttles here was itself the stale marker and has been replaced by a correct one; the note also flags SYMBOLS.tsv row 41's consumer entry for this file as VOID (registry still lists 4 consumers, should be 3).
A	Sources/EChartsKit/component/brush/brushVisual.swift	upstream/echarts/src/component/brush/visualEncoding.ts	minor	parity	97	none	2	0	0	throttle wrapper is now wired: dispatchAction builds a per-zr BrushDispatchSlot and calls throttleUtil.createOrUpdate(existing:origin:rate:throttleType:), so a non-zero brush.throttleDelay now emits brushselected at most once per window (fixRate/debounce both mapped); the JS falsy-throttleType rule ('' → unthrottled) is reproduced ||| stepAParallel is fully implemented: it narrows coordinateSystem to Parallel and calls the ported hasAxisBrushed() + eachActiveState(data:) (both real implementations in coord/parallel/Parallel.swift:479-533), so brushLink selection made on a parallel axis now propagates to linked series			Step A/Step B logic, linkOthers/brushed/checkInRange/brushModelNotControll, the rect+polygon boundingRectBuilders and the DISPATCH_FLAG re-entrancy guard all match upstream. Port-specific additions (ObjectIdentifier-keyed slot with weak zr/api re-validation, clearBrushDispatch from ECharts.dispose) are sound. One small residue: when throttleDelay/throttleType change back to 'unthrottled', createOrUpdate returns nil and slot.fn is dropped without throttleUtil.clear() on the old wrapper, so an already-scheduled timer can still fire once. No stale markers found.
A	Sources/EChartsKit/component/geo/GeoView.swift	upstream/echarts/src/component/geo/GeoView.ts	major	parity	95	low	5	1	0	__updateOnOwnRoam is implemented and delegates to MapDraw.__updateOnOwnRoam → applyViewCoordSysTransToElement(_transformGroup, VIEW_COORD_SYS_TRANS_ROAM); geo pan/zoom also re-renders in practice because registerGeoRoamAction stores roam state and runs a full update() that reseeds the Geo view ||| _handleRegionClick now walks findEventDispatcher to the nearest eventData-carrying element and dispatches {type:'geoToggleSelect', geoId, name} ||| updateSelectStatus is ported: traverses mapDraw.group and calls api.enterSelect/leaveSelect per _model.isSelected(name), returning true to skip children ||| geoJSON regions now get full state wiring in MapDraw._buildGeoJSON — applyOptionStyleForRegion sets emphasis/select/blur state styles + setDefaultStateProxy, and resetEventTriggerForRegion / resetStateTriggerForRegion / resetTooltipForRegion run per region group, so geoJSON hover-emphasis and selection work ||| findHighDownDispatchers geoJSON branch is live: MapDraw keeps _regionsGroupByName and returns [regionGroup] (or []) for geoJSON, [] / nil contract preserved for the unsupported case	Roam is still routed as a full `update` rather than upstream's `update:'updateTransform'`, so __updateOnOwnRoam is never actually invoked by the geoRoam action — the map does move, but every pan/zoom frame rebuilds coord sys + regions instead of only re-transforming the group (performance, plus roam animation fidelity)		GeoView.swift is now a line-for-line port of all six upstream members; the earlier 'inlined static subset of MapDraw' is gone and the view owns a persistent MapDraw. One deliberate, correct deviation: mapDraw.group.on('click') is bound once per MapDraw instance instead of per render (upstream re-binds and accumulates). Residual gaps now live in MapDraw.swift, not here: GeoProjection.stream clip/resample path is unported (projectionStream hard-coded nil, projectPolys dormant) and the name-keyed geo labelFetcher is replaced by an eager getFormattedLabel; also MapDraw:529 notes no scene-graph class conforms to ECElement so z2EmphasisLift = 0 is skipped for SVG maps. No stale markers found in GeoView.
A	Sources/EChartsKit/component/graphic/GraphicView.swift	upstream/echarts/src/component/graphic/GraphicView.ts	minor	minor	88	medium	3	2	1	"graphicUtil.setTooltipConfig is now called in _updateElements with {el, componentModel: graphicModel, itemName: el.name, itemTooltipOption: elOption.tooltip}; util/graphic.setTooltipConfig has a [String: Any] arm, so a graphic element's tooltip option reaches ecData.tooltipConfig and the tooltip shows ||| updateCommonAttrs now assigns draggable: `if elOption.option[""draggable""] != nil { el.attr(""draggable"", ...) }`, and Element.attrKV bridges Bool / 'horizontal' / 'vertical' — graphic elements are draggable again ||| enter/update/leave transitions are wired to the real ported helpers: applyUpdateTransition(isInit:) on merge/replace, updateLeaveTo + applyLeaveTransition in removeEl, stopPreviousKeyframeAnimationAndRestore + applyKeyframeAnimation on el and clipPath, and _relocate uses the real animation/basicTransition.updateProps for the x/y tween"	The `on*` event-handler assignment loop is still missing (updateCommonAttrs, line 583-585): upstream copies every key starting with 'on' (onclick, onmouseover, ...) from the element option onto the element, so user-supplied handlers on graphic elements are never invoked ||| isEC4CompatibleStyle / convertFromEC4CompatibleStyle are still unported (util/styleCompat): EC4-era graphic style bags carrying textFill/textPosition/etc. are not converted into textConfig/textContent, so legacy graphic options render without their text	Graphic-element tooltip is only partially carried: commonTooltipOptionFromOptionBag is a whitelist, so bag keys outside CommonTooltipOption — showContent, order, renderMode, className, appendToBody, defaultBorderColor — are dropped (e.g. tooltip.showContent:false on a graphic element no longer suppresses the box), and there is no component-level fallback layer for graphic as there is for legend	"Everything else matches: _updateElements merge/replace/remove branches, textContent/textConfig handling, clipPath re-creation on type change, getCleanedElOption (LOCATION_PARAMS ported), setEventData, _relocate top-down size + bottom-up position, _clear/dispose. Two smaller divergences, both pre-existing rather than introduced: (a) updateCommonAttrs sets cursor/zlevel/z/z2 defaults unconditionally when the option omits them (upstream only when el[prop] == null) — same values in practice; (b) Int-vs-Double option-read trap at lines 145-146, `graphicModel.get(""z"") as? Double` / `get(""zlevel"") as? Double` returns nil for an Int-literal option, so `graphic: {z: 10}` written with an Int silently falls back to z = 0 and the stacking order is wrong. No stale markers: the file's PORT-NOTEs about the on* loop and styleCompat are accurate, and the tooltip note was updated to reflect that the bag arm now exists."
A	Sources/EChartsKit/component/helper/RoamController.swift	upstream/echarts/src/component/helper/RoamController.ts	minor	minor	95	low	0	2	0		Modifier-key-gated roam is still unavailable: isBehaviorSettingAvailable now reads rawEvent.shiftKey/ctrlKey/altKey (the fields exist on ZRRawEvent), but nothing in Sources/ ever populates them from UIEvent.modifierFlags, so roam configured as zoomOnMouseWheel:'ctrl' / moveOnMouseMove:'shift' / 'alt' always evaluates unavailable and the gesture is ignored ||| removeUniformListener is still a no-op — the port's Eventful cannot unbind a specific closure, so a disabled controller leaves its uniform zr listener bound for the zr's lifetime (it fans out to an empty list, so no visible misbehaviour, but the listener and its retained store leak)		File saw one 'cross-file migration' commit and no fix commit; both recorded gaps are genuinely still open. The only progress on gap 1 is plumbing (ZRRawEvent.shiftKey/ctrlKey/altKey exist and the switch reads them) — behaviour is unchanged because the producer side is missing; RoamController.swift:677-681 documents this accurately (not a stale marker). Everything else is at parity: enable/disable/dispose, _checkPointer, _decideCursorStyle, mousedown/mousemove/mouseup/mousewheel/pinch handlers, the z-sorted addRoamZrListener/ensureUniformListener fan-out, the __ecRoamConsumed per-event flag (via makeInner side table) and trigger()'s isAvailableBehavior closure.
A	Sources/EChartsKit/component/legend/LegendView.swift	upstream/echarts/src/component/legend/LegendView.ts	minor	minor	95	low	5	1	1	"Per-item tooltip is wired: _createItem reads legendItemModel.getModel('tooltip'), and when show is truthy calls setTooltipConfig(el: hitRect, componentModel: legendModel, itemName: name, itemTooltipOption: tooltipModel.option) ||| packEventData is implemented and called: when triggerEvent is truthy both the series branch and the pie/funnel data branch run itemGroup.eachChild { packEventData(...) }, writing {componentType:'legend', componentIndex, dataIndex, value:name, seriesIndex} to innerStore.getECData(el).eventData — identical to upstream's object ||| Function-form formatter is supported: `else if util.isFunction(formatter), let fn = formatter as? (String) -> String { content = fn(name) }`, alongside the string '{name}' replace ||| click now runs the full upstream sequence — dispatchSelectAction does dispatchDownplayAction → dispatchAction(legendToggleSelect, name: seriesName ?? dataName) → dispatchHighlightAction, and mouseover/mouseout dispatch highlight/downplay with excludeSeriesId ||| Custom-series getLegendIcon now receives the real symbolRotate: iconParams is seeded with `iconRotate: legendItemModel.get(""symbolRotate"")` before the seriesModel.getLegendIcon branch, and only the default-icon branch recomputes it (inherit → data.getVisual('symbolRotate'), else 0)"	dispatchHighlightAction/dispatchDownplayAction omit upstream's `if (!api.usingTHL())` guard — inert today (ExtensionAPI.usingTHL has no concrete implementation), but legend hover would double-fire if touch-hold-legend ever lands	Legend per-item tooltip carries only whitelisted keys: commonTooltipOptionFromOptionBag drops showContent, order, renderMode, className, appendToBody and defaultBorderColor from legend.data[i].tooltip (partially recoverable because the component-level legend.tooltip bag is also read by buildTooltipModel)	"STALE-MARKER: Sources/EChartsKit/component/legend/LegendView.swift:67 says ""import { getECData } ... -> innerStore.getECData (event wiring — deferred)"" and :73 says ""curry ... inlined at call sites (deferred action wiring)"", but both the event wiring (packEventData) and the click/hover action wiring are now fully implemented below. Remaining decorative omissions only: createTextStyle is called without upstream's {inheritColor: textColor} third arg, and makeBackground is a local faithful reproduction pending component/helper/listComponent.swift. The legend icon/hit-rect/silent/enableHoverEmphasis path and the pie/funnel legendVisualProvider branch (including the transparent-fill → alpha 0.2 fixup) match upstream."
A	Sources/EChartsKit/component/marker/MarkAreaView.swift	upstream/echarts/src/component/marker/MarkAreaView.ts	minor	minor	88	medium	4	3	0	getSingleMarkerEndPoint now takes the seriesModel.getMarkerPosition branch: it feature-detects `as? BaseBarSeriesModel`, computes clampData'd pointValue0/pointValue1, picks the larger x/y per dims and calls getMarkerPosition(pointValue, dims, true), so bar/candlestick markArea corners snap to category ticks ||| updateProps is the real animation/basicTransition.updateProps — the diff .update branch animates the polygon's z2 and shape.points (partial [String: Any] shape so points tween), instead of the previous instant-set shim ||| updateTransform is now wired end-to-end: it overrides the 4-param ComponentView hook (returning false = handled in place) and ECharts.updateTransform (core/ECharts.swift:1682) invokes every component view's hook, with 'updateTransform' routed at ECharts.swift:2712 — markArea re-lays out on roam/pan without a full render ||| getECData(polygon).dataModel = maModel is now set (MarkerModel conforms to DataModel), so markArea polygons resolve their host model for tooltip/formatter	markArea labels still never render: the setLabelStyle(polygon, getLabelStatesModels(itemModel), {labelFetcher: maModel, labelDataIndex: idx, defaultText: areaData.getName(idx), inheritColor: ...}) call is still omitted (MarkAreaView.swift:548-554) even though label/labelStyle and visual/tokens are ported — upstream defaults markArea label.show to true, so every named markArea silently loses its text ||| 1D markArea items (a single-object data entry such as {yAxis: 2} instead of a 2-element tuple) still return nil from markAreaTransform and are dropped by the createList filter, so a horizontal/vertical band declared the 1D way renders nothing ||| Non-cartesian markArea positioning is still absent: the getSingleMarkerEndPoint fallback and the overlap/allClipped test only dispatch on Cartesian2D (dataToPoint → [NaN, NaN] otherwise), so markArea on polar/other coord systems does not draw		No stale markers — the surviving PORT-NOTEs at :548-554 (label deferred), :102-105 (1D items), :283-285 (Cartesian-only dataToPoint) and :425-427 (Cartesian-only overlap test) all accurately describe live gaps. The remaining render path matches upstream: createList dimension building, markAreaFilter/ifMarkAreaHasOnlyDim/isInfinity, the itemStyle fill/stroke defaults with modifyAlpha(0.4), z2 visual, the add/update/remove diff with allClipped suppression, setStatesStylesFromModel + toggleHoverEmphasis for hover, and the silent flag. One deliberate deviation: updateTransform preserves the {points, allClipped} layout struct (upstream overwrites it with a raw points array) but does not recompute allClipped, so a datum clipped at render time stays invisible after roam brings it back — upstream has the same blind spot.
A	Sources/EChartsKit/component/marker/MarkLineView.swift	upstream/echarts/src/component/marker/MarkLineView.ts	minor	minor	95	low	1	1	0	getECData(el).dataModel = mlModel host-model tagging is now implemented (lineData.eachItemGraphicEl + Group.traverse stamps the model on the line group and every child), so markLine tooltip/formatter resolves the model	"The file-local getVisualFromData('color') reads style[""fill""] instead of style[data.getVisual('drawType')], so on a line/graph series (drawType == 'stroke') the markLine end-symbol fill falls back to nil instead of inheriting the series colour"		Verified against upstream lines 370-395. The real chart/helper/LineDraw.swift (full diff/enter-leave/emphasis LineDraw + ECLine) is now ported and is what renderSeries instantiates. STALE-MARKER: MarkLineView.swift:27-31 says 'the real chart/helper/LineDraw ... is not ported. A STATIC-SUBSET stand-in LineDraw is defined at the bottom of this file ... Diff/enter-leave animation + emphasis are deferred' — no such stand-in exists in the file; `LineDraw()` resolves to Sources/EChartsKit/chart/helper/LineDraw.swift which ports updateData/updateLayout/incremental/remove faithfully. STALE-MARKER: MarkLineView.swift:40-41 says 'the ECData host-model tagging for tooltip is still deferred (see below)' while lines 498-506 do the tagging. STALE-MARKER: MarkLineView.swift:592-595 says getRawValue/getFormattedLabel 'are blocked here because MarkerModel's DataFormatMixin conformance is deferred' — MarkerModel now conforms to DataFormatMixin/DataModel and both methods are available.
A	Sources/EChartsKit/component/marker/MarkPointView.swift	upstream/echarts/src/component/marker/MarkPointView.ts	minor	parity	96	none	2	0	0	Callback-in-data-item branch is implemented: isFunction(symbol/symbolSize/symbolRotate/symbolOffset) now invokes the closure with mpModel.getRawValue(idx) + mpModel.getDataParams(idx), matching upstream lines 130-150 ||| getECData(child).dataModel = mpModel tagging is implemented (mpData.eachItemGraphicEl + Group.traverse), so markPoint tooltips resolve the host model			getVisualFromData is a faithful local reproduction of visual/helper.ts (color→style[drawType], opacity, symbol/symbolSize/liftZ). Type-contract caveat (idiom, not counted): a function-valued symbol option must be exactly a `(Any?, CallbackDataParams) -> Any?` closure to be invoked; any other closure arity/signature falls through silently.
A	Sources/EChartsKit/component/marker/MarkerModel.swift	upstream/echarts/src/component/marker/MarkerModel.ts	major	parity	97	none	4	0	0	fillLabel now really applies defaultEmphasis(opt,'label',['show']) — the dict is bridged into DisplayStateHostOption, mutated by the (genuinely implemented) model.defaultEmphasis, and written back into markerOpt/markerOpt.data so per-item emphasis-label defaults propagate to createMarkerModelFromSeries ||| formatTooltip is implemented and returns the section/nameValue tooltip markup built from getRawValue + data.getName ||| getDataParams now calls the DataFormatMixin base computation ((self as DataFormatMixin).getDataParams) before patching seriesId/seriesName/seriesType, so color/encode/dimensionNames/value are populated ||| MarkerModel conforms to DataHost + DataFormatMixin (+ DataModel), so getRawValue/getFormattedLabel from the mixin are available on all three marker models			Verified DataFormatMixin's getDataParams/getRawValue/getFormattedLabel in Sources/EChartsKit/model/mixin/dataFormat.swift are real implementations, not stubs, and model.defaultEmphasis (util/modelUtil.swift:497) really performs the normal→emphasis sub-option copy. Only remaining divergence is the dropped `if (env.node) return false` in isAnimationEnabled, which is inert on the native client (documented, matches SeriesModel). Latent trap self-documented at line 389-396: the 3-arg DataModel witness delegates to the 2-arg overload; changing that entry point's arity would turn it into infinite recursion.
A	Sources/EChartsKit/component/matrix/MatrixView.swift	upstream/echarts/src/component/matrix/MatrixView.ts	minor	minor	90	low	3	3	0	setTooltipConfig is now called (on cellRect, and additionally on the standalone label to compensate for the drawing deviation), so matrix cell / text-overflow tooltips are wired ||| The triggerEvent → getECData(cellRect).eventData block is ported (componentType/componentIndex/matrixIndex/targetType/coord/name/value), so matrix cell click events carry eventData ||| cellText.silent = !(triggerEvent || tooltipOption.show) + ignoreHostSilent = true is applied to the label element, and the rect's fill-based silent default matches upstream	isFunction(formatter) is still a no-op: a function-valued matrix label formatter is ignored and the raw value text is drawn instead ||| The cell label is still a standalone centered ZRText rather than cellRect's textContent via setLabelStyle — no inside/textConfig positioning, no rich text, no emphasis/select/blur label states, and no autoOverflowArea auto-truncation ||| The overflow clipPath branch (expandOrShrinkRect + invert + setClipPath) is not ported, so a label longer than its cell spills over neighbouring cells instead of being clipped		3 of the 6 recorded gaps genuinely closed; the 3 open ones all stem from the same root cause (label drawn standalone instead of via setLabelStyle), so closing that one seam would close all three. util/graphic.setTooltipConfig was verified to be a real implementation including the [String: Any] option-bag arm the matrix caller needs. The PORT-TODO at MatrixView.swift:484-494 is accurate (it documents the residual drawing deviation), not stale.
A	Sources/EChartsKit/component/parallel/ParallelComponentView.swift	upstream/echarts/src/component/parallel/ParallelView.ts	major	minor	90	medium	4	2	0	The mousedown/mouseup/mousemove handler table is live: it is registered once on api.getZr() in render() and stored in _handlers for dispose ||| _dispatchExpand builds the Payload(type:'parallelAxisExpand') with the axisExpandWindow/animation keys on the dynamic bag and calls api.dispatchAction — the action is really dispatched ||| throttleUtil.createOrUpdate(rate: axisExpandRate, .fixRate) + debounceNextCall(axisExpandDebounce) + clear() are wired (util/throttle.swift is ported), so slide is throttled and jump is debounced exactly as upstream ||| checkTrigger gating on axisExpandable + axisExpandTriggerOn is implemented and gates all three handlers	The ParallelAxisView half of the same file still has no brush/areaSelect: users cannot drag-select an interval on a parallel axis (BrushController + brushHelper seam), so axisAreaSelect filtering is unavailable ||| dispose() cannot actually unregister the zr handlers (Eventful.off can't match a Swift closure by identity), so handlers stay registered after the view is disposed — inert thanks to [weak self], but the registration leaks		Graded against ParallelView.ts (the record's ts), where the port is now essentially complete — coverage was pulled down from ~98 to 90 only by the co-located, still-deferred ParallelAxisView brush seam. STALE-MARKER: ParallelComponentView.swift:60-63 says 'requires util/throttle (throttle/debounce controller), NOT ported. Deferred with the interaction seam; the createOrUpdate/clear/debounceNextCall call sites below are correspondingly deferred' — Sources/EChartsKit/util/throttle.swift exists and all three call sites are live (render():157, dispose():173, handlers:270). STALE-MARKER: line 56-58 says 'the pointer/brush interaction that dispatches them from this view is still deferred' — the pointer half is now fully wired (only brush is deferred).
A	Sources/EChartsKit/component/radar/RadarComponentView.swift	upstream/echarts/src/component/radar/RadarView.ts	minor	parity	99	none	1	0	0	zrColorFromOption now bridges a raw gradient/pattern OPTION dict ({type:'linear'|'radial', colorStops…} and {image:…, repeat, x, y, rotation, scaleX, scaleY}) as well as pre-built LinearGradient/RadialGradient/Pattern instances and plain colour strings, and pathStyleFromDict applies it to BOTH fill and stroke — so a gradient/pattern splitLine/splitArea colour is no longer dropped			Function-by-function comparison of _buildAxes and _buildSplitLineAndArea against RadarView.ts shows full behavioural parity, including the deliberate reproduction of upstream's JS sparse-index quirk (colorIndex == -1 for the first polygon splitArea silently drops that ring). Only omission is the __DEV__ console.error diagnostic.
A	Sources/EChartsKit/component/timeline/SliderTimelineView.swift	upstream/echarts/src/component/timeline/SliderTimelineView.ts	major	minor	88	medium	6	2	0	_doPlayStop is implemented with a DispatchWorkItem timer honouring playInterval + rewind, so autoPlay really auto-advances the timeline ||| _updateTicksStatus is implemented: tick symbols toggle 'progress' for i < currentIndex and labels for dataIndex <= currentIndex ||| onclick is wired on tick symbols (el.on('click') → _changeTimeline(tick.value)), on labels (dataIndex), and on the prev/next ('+'/'-' with inverse) and play/stop control buttons ||| Checkpoint pointer drag is wired: pointer.draggable = .true, driftHandler → _handlePointerDrag, 'dragend' → _handlePointerDragend, and _pointerChangeTimeline/_toAxisCoord/_findNearestTick are ported including the realtime/extent clamping ||| ensureState('emphasis')/ensureState('progress') styles plus states.enableHoverEmphasis are applied to tick symbols, tick labels and control buttons ||| remove()/dispose() call _clearTimer (and dispose is the reachable teardown path for a component view)	giveSymbol is still create-only (no reuse across renders) and pointerMoveTo's animateTo branch is absent, so the checkpoint pointer jumps instantly to a new index instead of tweening with checkpointStyle.animationDuration/animationEasing, and its dragging state is discarded on every re-render ||| Timeline tooltips are unavailable: timelineModel.formatTooltip (createTooltipMarkup nameValue of the tick label) is not assigned and getECData(el).dataIndex/dataModel is not stamped on tick symbols, so hovering a tick with item tooltip:true shows nothing		Huge improvement over the 2026-07-17 grade (55): every interaction path except pointer animation is now live. The remaining tooltip gap is honestly marked by accurate PORT-TODOs at lines 143-144 and 505 (not stale). Minor extras not counted: giveSymbol omits upstream's rectHover:true, and tick/label dataIndex is clamped into range to avoid an OOB crash on non-category axisType.
A	Sources/EChartsKit/component/toolbox/ToolboxView.swift	upstream/echarts/src/component/toolbox/ToolboxView.ts	minor	minor	88	medium	4	4	0	The title-overflow reposition block is ported (group.eachChild when !isVertical: measures the emphasis title text, flips emphasisTextConfig.position to 'top' when it would fall below the canvas, and to ['100%',topOffset]/right-align or [0,topOffset]/left-align at the horizontal edges), so icon titles no longer render off-screen ||| graphic.setTooltipConfig is called per icon (componentModel: toolboxModel, itemName: iconName, formatterParamsExtra: {title}), so icon tooltips are wired ||| The FIX#11236 payload.newTitle/featureName merge is ported (applied to featureOpt before the Model is built so featureModel.get('title') sees it), so MagicType title updates take effect ||| Features removed (or turned show:false) between renders now have dispose(ecModel, api) called — the previously missing half of the DataDiffer remove branch	Feature instances are still rebuilt on every render instead of being reused through the DataDiffer add/update path: the replaced instance is dropped without dispose() and any per-instance state resets (the dataZoom feature works around this by re-reading the driver's arm flag, but e.g. the brush feature and future stateful features do not) ||| User-defined `my*` toolbox features are skipped entirely (the UserDefinedToolboxFeature onclick branch is a `continue`), so a custom toolbox button never renders or fires ||| createIcon's image:// branch is not ported — an `image://url` toolbox icon renders nothing (only path:// / raw SVG path data work) ||| Icon and feature iteration walks Swift Dictionary keys, whose order is unspecified, so toolbox buttons (and a multi-icon feature such as magicType) can lay out in a different left-to-right order between runs		3 of the 5 recorded gaps closed outright plus half of the DataDiffer gap. STALE-MARKER: ToolboxView.swift:366-367 says 'PORT-NOTE (deferred): the emphasis title-overflow reposition (the emphasisState.textConfig block in render()) reads api.getWidth/Height; the default position is used' — that block IS implemented in render() at lines 184-233. The setIconStatus/iconPaths side-table adaptation (toolboxFeatureManager.swift) is a faithful idiom substitution, not a gap.
A	Sources/EChartsKit/component/tooltip/TooltipView.swift	upstream/echarts/src/component/tooltip/TooltipView.ts	major	major	78	medium	8	7	0	formatter override of the default markup — both the STRING formatter (formatTpl + timeFormat pre-pass) and the FUNCTION formatter with the asyncTicket/_ticket async callback are really implemented in _showTooltipContent/_callFunctionFormatter, on both the item and axis paths ||| position option fully ported in _updatePosition: callback form, string keywords ('inside'/'top'/'bottom'/'left'/'right' via calcTooltipPosition anchored on the hovered el's transformed rect), [x,y] array, box-layout object, align/verticalAlign offsets, plus the confine clamp and the default flip-past-pointer refix ||| showDelay honoured via a real _showOrMove (DispatchWorkItem timer, cancel-on-replace) that every show path routes through; hideDelay honoured via _tooltipContent.hideLater in hide() ||| findPointFromSeries is ported and wired into manuallyShowTip, so a showTip{seriesIndex,dataIndex} action positions the box on the series layout point (with queryDataIndex → inside-index resolution) instead of the view centre ||| _showComponentItemTooltip fully ported: tooltipConfig read, encodeHTMLContent arm, the [tooltipOpt, cmpt, {formatter: content}] cascade through buildTooltipModel, formatterParams clone and _showOrMove → _showTooltipContent ||| _tryShow dispatcher is ported: ssrType=='legend' early-out, tooltipDisabled bail-out, the findEventDispatcher ancestor walk resolving seriesDispatcher vs cmptDispatcher, plus the dataByCoordSys axis branch and both memo-nulling arms ||| _updateContentNotChangedOnAxis ported in full (recursive dataByCoordSys/dataByAxis/seriesDataIndices compare + cbParams.data check) with the _lastDataByCoordSys/_cbParamsList memo written on every call ||| transitionDuration + throttled _updatePosition are moot rather than missing: upstream gates both on renderMode!=='richText', and this port is richText-only	tooltip.triggerOn is ignored — _initGlobalListener/globalListener.register is not ported and nothing else reads triggerOn, so 'click'/'none'/'mousemove|click' cannot suppress or change what triggers the tip (it always follows hover) ||| _keepShow not ported — the tooltip is not re-shown at the last pointer position after a setOption/refresh, so a visible tip silently disappears on re-render ||| manuallyShowTip only implements the payload.seriesIndex branch: a showTip carrying x/y (with or without payload.tooltip), a dataByCoordSys tree, or a component reference (findComponentReference) does nothing, and _manuallyAxisShowTip (axis-trigger showTip for a series datum) is absent ||| payload `position` override is not threaded (TryShowParams has no position field), so dispatchAction({type:'showTip', position: …}) is ignored and the model/'bottom' default wins ||| renderMode is hard-forced to richText — tooltip.renderMode:'html'/'auto' and the appendTo/appendToBody options are ignored (no TooltipHTMLContent host) ||| marker elements (markPoint/markLine/markArea, graph edges) build their tooltip from the OWNING series, not from ecData.dataModel, so a marker's own tooltip option/formatTooltip is not consulted ||| STRING formatter time-axis pre-pass is dormant: params0.axisType is the main type ('xAxis') on the models ECharts actually instantiates, so a {yyyy}-style template is never time-formatted (root cause in core/ECharts.swift's EChartsXAxisModel/EChartsYAxisModel)		Very large real improvement since 2026-07-17 (~+38 coverage). The header block's 'NO LONGER DEFERRED' claims were spot-checked against the bodies and are accurate — no stale markers found in this file; the remaining PORT-TODOs (dataModel, payload position, isTimeAxis) all describe genuinely absent behavior. Still graded major because triggerOn and the non-seriesIndex showTip branches are user-visible features that are unavailable.
A	Sources/EChartsKit/coord/View.swift	upstream/echarts/src/coord/View.ts	minor	minor	90	medium	3	3	1	calcCompensationScaleToPreserveNodeSize is ported (nodeScaleRatio read via anyToDouble to dodge the Int-boxing trap), so graph/tree/sankey can keep node symbol size constant across zoom ||| applyViewCoordSysTransToElement is ported including the animated branch: it marshals all 11 TRANSFORMABLE_PROPS through updateProps when an animatableModel is supplied, and copies+dirties otherwise ||| invertBackToCenterOption + invertToPercentPerCenterDim ported, so a percent `center` option round-trips back to a 'xx%' string after roam instead of being flattened to numbers	calcOverallTransFromSyncBackEl is still absent — the sync-back path always reads trans[OVERALL] directly, so mid-flight roam-animation state on the syncBackEl is not read back and a roam interrupted by an in-progress animation syncs the wrong center/zoom ||| roam ACTION entry points not ported: ownRoamModelCoordSysUpdateInAction, getOwnRoamViewCoordSys, ownRoamViewUpdateDirectlyInAction and syncBackRoamOptionToRoamHostModel — roam state is kept in a port-local store and never written back to the host model option, so a roamed view's center/zoom is lost across a setOption merge ||| View still does not conform to CoordinateSystem/CoordinateSystemMaster (signatures diverge), so it cannot be used as a generic coordinate system by graph/tree/sankey — only Geo, which holds the concrete type	STALE-MARKER: Sources/EChartsKit/coord/View.swift:121 and :127 label centerOption and zoomLimit as '(ROAM input, DEFERRED — stays nil)', but viewCoordSysSetRoamOption now assigns both and viewCoordSysApplyRoamPayloadSyncBack reads them — the comments would mislead anyone reasoning about whether roam input is live	Three of five recorded gaps genuinely closed; the value-based roam subset (viewCoordSysSetRoamOption / viewCoordSysApplyRoamPayloadSyncBack / applyRoamPayloadToOverallTrans / calcRoamTransFromOverallTrans) is a faithful port of upstream's math. What is left is the model write-back + syncBackEl animation reads and the protocol conformance.
A	Sources/EChartsKit/coord/axisModelCreator.swift	upstream/echarts/src/coord/axisModelCreator.ts	major	major	88	medium	2	1	1	registerSubTypeDefaulter is no longer a no-op — it forwards into ComponentModel.registerSubTypeDefaulter (adapting ComponentOption.rawOption), so a registered defaulter is consulted by ComponentModel.determineSubType ||| mergeDefaultAndTheme now implements the fetchLayoutMode / getLayoutParams / mergeLayoutParam branch alongside the theme+default merges and the getAxisType write-back, so axis box-layout params are preserved	registerComponentModel is still a PortStub no-op: the per-axis-type model classes the creator generates are never registered, so 'xAxis.category'/'xAxis.value'/… models cannot be instantiated by GlobalModel and the hand-written EChartsXAxisModel/EChartsYAxisModel/AngleAxisModel/… stand-ins serve instead (which is also why the tooltip time-axis formatter is dormant — the stand-ins report the main type only)	axisModelCreator has no live caller at all (its only callers, installPolarAxisModels and installParallelAxisModel, are themselves never invoked; ECharts.swift registers axis models directly), so the newly-implemented mergeDefaultAndTheme and the subtype defaulter registration are dead code today — including the axis 'has data → category' subtype inference, which is therefore still not reachable	Both addressed items check out in the code, but the file's core contract (dynamically generated, per-type registered axis model classes) is still unavailable, and the whole entry point is unreachable, so the practical behavior gap is unchanged. Fixing it needs a factory-capable class registry (ClassManagement + ComponentModel.getClass + GlobalModel's instantiation site), as the in-file PORT-STUB note correctly explains — that note is accurate, not stale.
A	Sources/EChartsKit/coord/cartesian/Grid.swift	upstream/echarts/src/coord/cartesian/Grid.ts	major	major	89	medium	2	1	0	resolveAxisNameOverlapForGrid is implemented and passed into AxisBuilderSharedContext by createAxisBiulders, so cross-perpendicular-axis name-overlap nudging is applied instead of the default resolver ||| createOrUpdateAxesView now computes nameMarginLevelMap via calcNameMarginLevel(0)/(1) with upstream's exact formula (gridRect[WH]<=refContainer[WH]*0.5 ? 0 : (1-xyIdx==1 ? 2 : 1)) and threads nameMarginLevel into the second-pass axisName build, plus the separated axisTickLabel/axisName/axisLine two-pass build	layOutGridByOuterBounds is still a stub returning noPxChange=true: the grid rect is never shrunk to fit axis label/name overflow, so grid.outerBounds/outerBoundsMode/outerBoundsContain/outerBoundsClamp have no effect and containLabel without the legacy module silently does nothing — long tick labels or axis names overflow the canvas on the DEFAULT path (prepareOuterBounds yields a non-nil outerBoundsRect by default). Needs fillLabelNameOverflowOnOneDimension + fillMarginOnOneDimension in util/graphic, which are unported		Two of three gaps genuinely closed by the AxisBuilder cross-file migration (commit dac5eca). The remaining stub is the highest-impact one left in this file because it is on the default layout path, not an opt-in option.
A	Sources/EChartsKit/core/ECharts.swift	upstream/echarts/src/core/echarts.ts	major	major	88	medium	7	7	1	convertToPixel/convertFromPixel ported with the doConvertPixelImpl coord-system walk over parseFinder results ||| getOption() ported (forwards to GlobalModel.getOption) ||| getVisual(finder, visualType) ported, including the dataIndexInside vs indexOfRawIndex resolution and item- vs series-level visual ||| clear()/dispose()/isDisposed() with a real _disposed flag: dispose tears down component+chart views, clears the display list and releases model/registries ||| resize(width,height,silent) ported — sets size, re-runs update(), flushes pending actions and fires the updated event, with the in-cycle guard ||| appendData(seriesIndex:data:) ported — forwards to SeriesModel.appendData, marks the scheduler unfinished and wakes the zr ||| updateStreamModes is now actually run (per-series pass in update() after prepareView), so pipelineContext.large is authoritative and large-mode draw paths engage	showLoading/hideLoading not ported — the loading-effect registry map exists but is never read, so there is no loading spinner API ||| module-level connect/disconnect cross-chart event mirroring absent (MessageCenter exists but no connected-group fan-out), so charts cannot be linked ||| refineEvent path unported: the REFINED 'selectchanged' event (makeSelectChangedEvent, which computes the `selected` array and fromAction* flags) is never produced, so 'selectchanged' listeners receive an unrefined payload without selection details ||| legacy dataSelectAction back-compat events (pieselectchanged / mapselectchanged / selected) register but emit nothing, because their emission depends on the missing refineEvent output ||| progressive / incremental rendering not reproduced: renderSeries calls chartView.render directly instead of performing the scheduler renderTask, so incrementalPrepareRender/incrementalRender and per-frame chunked painting are unavailable for large datasets ||| makeActionFromEvent not ported (needs the connect machinery and an ECActionEvent→Payload revert map) ||| resize() omits upstream's media-query re-resolve (ecModel.resetOption('media')), so responsive `media` option blocks do not re-apply when the chart is resized	STALE-MARKER: Sources/EChartsKit/core/ECharts.swift:2543 (also :2916 and :3204) says 'the driver has no `_disposed` flag / lifecycle (dispose is Phase 6b) — no guard', but `_disposed` exists at :413 and dispose() is implemented — dispatchAction(), on() and containPixel() consequently run unguarded against a disposed instance where upstream early-returns	Seven of twelve recorded gaps genuinely closed, verified against the bodies (not the comments). The dominant remaining loss is progressive/incremental rendering and the refineEvent selection-event chain; the rest (loading, connect, makeActionFromEvent) are peripheral APIs. The three stale _disposed comments are the only newly-introduced defect and are cheap to fix.
A	Sources/EChartsKit/core/ExtensionAPI.swift	upstream/echarts/src/core/ExtensionAPI.ts	minor	minor	95	low	1	1	1	isDisposed() is now declared on ExtensionAPI (default false) and overridden by EChartsExtensionAPI to forward to the driver, so deferred/throttled dispatches (brush doDispatch) can guard against a torn-down instance	the remaining availableMethods forwarding is still undeclared: getDom, isSSR, on, off, getDataURL, getOption, getId and updateLabelLayout have no members on ExtensionAPI, so any ported consumer needing them (label-layout refresh, SSR checks, instance event binding from within a component) cannot reach the ec instance	(pre-existing, newly identified) getECUpdateCycleVersion() and usingTHL() are abstract fatalError members that EChartsExtensionAPI does NOT override — the first consumer to call either traps at runtime instead of getting a value (LegendView.swift:912 sidesteps usingTHL with a PORT-NOTE for exactly this reason)	Only one of the listed forwarding methods was added since the last audit; getWidth/getHeight/getZr/getDevicePixelRatio/dispatchAction/getConnectedDataURL were already present. The init-time PORT-NOTE at :61-64 saying the forwarding lands 'when EChartsType lands in Phase 6b' is now partially stale — EChartsType is defined at :21, ECharts conforms, and six forwarding methods already exist.
A	Sources/EChartsKit/core/Scheduler.swift	upstream/echarts/src/core/Scheduler.ts	minor	minor	93	low	2	4	0	updateStreamModes now calls seriesModel.__preparePipelineContext(view, pipeline) as an open/overridable method, so a series' override (e.g. BarSeries setting large=true) is honoured — equivalent to upstream's feature-detect ternary ||| restorePipelines now gates progressiveEnabled with `!seriesModel.preventIncremental()` via the open base method (default false), so a series that opts out of incremental rendering (e.g. LinesSeries with effect.show) is respected	prepareView is still a no-op: the ChartView renderTask is never piped into the pipeline, so no series render is scheduler-driven and progressive/incremental view rendering cannot run ||| detectSeriseType always returns nil (mock-method reflection unportable), so a legacy pure-function overallReset handler blocks the whole pipeline instead of only its own series type — perf only, no wrong output ||| getTargetSeries-driven task creation iterates an unordered [String: SeriesModel] instead of upstream's insertion-ordered HashMap, so series-task / stub-pipeline creation order is non-deterministic across runs ||| updatePayload drops the 'remain' sentinel branch — the keep-previous-payload case is unrepresentable with a typed Payload? and would overwrite the stored payload if it ever arose		Two of six gaps closed (both re-checked in the code, not from comments — Series.swift really does declare `open func preventIncremental()` and `open func __preparePipelineContext(...)`). Everything left is dormant while progressive rendering is off, except prepareView, which is the blocker for turning it on. The updateStreamModes early-return on a missing pipeline (magic-type series swap) is a documented deliberate divergence, not a regression.
A	Sources/EChartsKit/data/SeriesData.swift	upstream/echarts/src/data/SeriesData.ts	minor	parity	99	none	1	0	0	wrapMethod injections now fire for every method upstream actually wraps: fireWrappedMethodInjections is invoked from map, downSample, minmaxDownSample, lttbDownSample (TRANSFERABLE_METHODS), filterSelf and selectRange (CHANGABLE_METHODS) and cloneShallow, alongside the dedicated value-returning _getItemModelInjections chain for getItemModel — so linkSeriesData's transferInjection/changeInjection and Series.wrapData's onDataChange now run on all of those paths (graph/tree/sankey/treemap struct re-linking survives a downSample or a filter, not just a cloneShallow)			Verified exhaustively: grepping upstream for wrapMethod( shows the only wrapped names are 'getItemModel' (tree/sankey/graph/chord/sunburst/treemap), 'cloneShallow' + TRANSFERABLE_METHODS + CHANGABLE_METHODS (linkSeriesData) and TRANSFERABLE_METHODS (Series.wrapData) — every one has a live fire site now. An arbitrary user-supplied method name would still store without firing, but that has no upstream call site. transferProperties deliberately does not copy the injections to a clone, matching upstream's clone-carries-no-wrap behavior, and is documented in place.
A	Sources/EChartsKit/data/helper/createDimensions.swift	upstream/echarts/src/data/helper/createDimensions.ts	minor	minor	95	low	0	1	1		encode-key iteration order is still lost: Series.getEncode() builds the HashMap by iterating an unordered Swift [String:Any], and prepareSeriesDataSchema additionally re-populates encodeDefMap from a [String:Any], so when several encode keys need auto-assigned dimensions the availDimIdx handout order (which data column feeds x vs y vs tooltip) can differ from upstream	`encode: {x: -1}` written with an Int literal is never recognised as the 'do not map' form — `dataDims[0] as? Double` returns nil for an Any-boxed Int so encodeDefMap is never set to false; instead of leaving the coord dim unmapped, the sysDims pass sees an empty dataDims and auto-assigns the next free column to it (wrong series/axis mapping)	Only edit since 2026-07-17 was cosmetic (map.get(...)!=nil -> map.hasKey), so the recorded gap is untouched (fix_notes said deferred=1). Verified HashMap (util/modelUtil.swift) DOES preserve insertion order, so the order loss is confined to the two dictionary-sourced population sites. Everything else (getResultItem/applyDim/genCoordDimName/getDimCount/removeDuplicates/omitUnusedDimensions branch) matches upstream line-for-line.
A	Sources/EChartsKit/data/helper/linkSeriesData.swift	upstream/echarts/src/data/helper/linkSeriesData.ts	minor	minor	96	low	1	2	0	Transferable (map/downSample/minmaxDownSample/lttbDownSample) and changable (filterSelf/selectRange) injections are now genuinely fired: SeriesData.swift calls fireWrappedMethodInjections at every one of those methods (lines 914/921/940/966/1007/1023/1039) plus cloneShallow (1322), so struct.update() runs on filter/selectRange and transferInjection re-links sibling datas on map/downSample (graph/tree dataZoom + sampling now update the shared Graph/Tree)	SeriesData.transferProperties still does not copy _wrappedMethodInjections (explicit KNOWN DIVERGENCE at SeriesData.swift:1468), so a clone of a clone carries no injections and would silently stop re-linking its sibling node/edge datas and the shared tree/graph — only safe because dataTaskReset always clones from the registered getRawData() ||| getLinkedDataAll enumerates a Swift Dictionary, so the returned (data, type) sequence is not the insertion order upstream's keys(inner(mainData).datas) guarantees; any consumer that indexes the result positionally can pick the wrong sub-data		Injection closures capture the registered receiver weakly and the value-copied `opt`; since opt.mainData/opt.datas are nil'd before registration (as upstream) and linkAll/linkSingle never mutate opt, the value copy is faithful. getLinkedData/getLinkedDataAll are exposed as static helpers and correctly routed from Series.getData(dataType)/getAllData (Series.swift:462/506), matching upstream's `!data.getLinkedData` presence test. Note SeriesData.getLinkedData(_:) instance stub is a fatalError trap for any caller that reaches it directly.
A	Sources/EChartsKit/data/helper/sourceManager.swift	upstream/echarts/src/data/helper/sourceManager.ts	minor	parity	98	none	2	1	0	"disableTransformOptionMerge is no longer a no-op: it now writes the __ec_primitive__ tag into datasetModel.option[""transform""] via util.setAsPrimitive(&dict), and ZRenderKit util.merge honours it (isPrimitiveBag guard at util.swift:130), so a second setOption replaces a dataset transform option wholesale instead of deep-merging it. Confirmed called from datasetInstall.swift:126/134 ||| needsCreateSource now models the JS null-vs-undefined distinction explicitly (`!(seriesLayoutBy != nil && seriesLayoutBy == upMetaRawOption?.seriesLayoutBy)`), restoring the upstream behaviour that a series with no seriesLayoutBy over a dataset upstream still creates its own Source instead of sharing the dataset's"	An ARRAY-valued `transform` option (a list of transforms) still cannot carry the primitive tag, so it is left untagged — behaviourally equivalent for merge (neither upstream nor the port recurses into arrays) but util.clone deep-copies it where upstream keeps the reference		Verified the tag survives merge and that datasetInstall calls the function after init and mergeOption. Residual liabilities, unchanged from before and not upstream-behaviour gaps: doThrow maps a JS `throw` to fatalError (an invalid dataset transform config aborts the process instead of unwinding), and _applyTransform force-unwraps upSource (`upSourceList.append(upSource!)`) where upstream pushes a possibly-undefined value.
A	Sources/EChartsKit/label/LabelManager.swift	upstream/echarts/src/label/LabelManager.ts	major	major	60	medium	1	4	1	"updateLayoutConfig now applies the layoutOption.labelLinePoints override — `guideLine.setShape(""points"", linePoints)` at LabelManager.swift:238-240 — so a labelLayout callback can reposition a leader line"	processLabelsOverall + _updateLabelLine are still absent entirely: the per-frame generic label-line pass (setLabelLineStyle(el, getLabelLineStatesModels(itemModel), {stroke: itemVisual}) + updateLabelLinePoints) never runs, so any chart that does not draw leader lines inline (only Pie and Funnel do) shows no label guide line at all ||| _animateLabels is still absent: labels never tween between old and new positions on data update, never fade in via initProps({style:{opacity}}), never restore the prevStates select/emphasis layout, guide lines never animate their strokePercent, and animateLabelValue (number roll-up) is never driven generically (only GaugeView calls it directly) ||| updateLayoutConfig's draggable branch is still missing: labelLayout:{draggable:true} does not make the label draggable, does not set cursor 'move', and no createDragHandler(updateLabelLinePoints) is attached, so dragging a label never re-routes its leader line ||| textEl.disableLabelLayout is still not consulted in addLabelsOfSeries (line 135 collects any getTextContent()), so a label that explicitly opted out of global layout is still collected and can be shifted or hidden by hideOverlap	defaultAttr only records ignore/labelGuideIgnore and updateLayoutConfig has no 'restore default' else-branches (upstream restores label.x/y/rotation/scaleX/scaleY/style.x/style.y/align/verticalAlign/width/height/fontSize/cursor and the host's attachedPos/attachedRot). The 'driver renders each label fresh every frame' assumption that justified this no longer holds now that ChartViews and their label elements are reused across setOption/update, so shifts applied by a previous shiftLayoutOnXY / labelLayout pass accumulate over successive renders and a callback that stops returning x/y leaves the label stranded at its old position	STALE-MARKER: Sources/EChartsKit/label/LabelManager.swift:42-46 and :187-188 both list `labelLinePoints` as DEFERRED, but the code at :238-240 does apply it. The other DEFERRED claims in that header (draggable, processLabelsOverall, dummyTransformable defaultAttr decomposition) are accurate. Verified by grep that processLabelsOverall/_animateLabels/_updateLabelLine exist nowhere in Sources/, and that ECElement.disableLabelLayout is declared (util/types.swift:298) but read by no one.
A	Sources/EChartsKit/label/labelGuideHelper.swift	upstream/echarts/src/label/labelGuideHelper.ts	major	parity	96	none	5	0	0	updateLabelLinePoints is fully ported (candidate-anchor search over textGuideLineConfig.candidates, anchor/path/rect nearest-point selection, transform round-trip, limitTurnAngle) — labelGuideHelper.swift:363 ||| setLabelLineStyle is ported: creates the Polyline on demand, walks DISPLAY_STATES, honours show/label-ignore per state, inherits the state proxy, clears fill, applies defaultStyle, stamps textGuideLineConfig.showAbove and installs the custom buildPath — and is now actually wired by PieView.swift:523 and FunnelView.swift:403 ||| getLabelLineStatesModels is ported (normal + SPECIAL_STATES per-state labelLine model resolution) — labelGuideHelper.swift:573 ||| buildLabelLinePath and setLabelLineState are ported: smooth (true->0.3, clamped) bezier corner construction routed through Polyline.setBuildPathOverride, plus per-state ignore/shape.smooth/lineStyle application ||| projectPointToArc and projectPointToRect are ported alongside projectPointToLine, so nearestPointOnPath now handles arc (A) and rect (R) path commands as well as M/L/C/Q/Z			Compared command-by-command against upstream nearestPointOnPath (including the deliberate upstream quirk of reusing the normalized x/y in projectPointToArc's endpoint distances, which the port reproduces and flags). Providers all exist: Polyline.setBuildPathOverride, Element.setTextGuideLine/removeTextGuideLine/textGuideLineConfig, states.DISPLAY_STATES, curve.cubicProjectPoint/quadraticProjectPoint. The file itself is at parity; the remaining consumer gap (nothing calls updateLabelLinePoints per frame for non-pie/funnel charts) belongs to LabelManager._updateLabelLine and is booked there.
A	Sources/EChartsKit/label/labelLayoutHelper.swift	upstream/echarts/src/label/labelLayoutHelper.ts	minor	minor	97	low	2	0	1	The margin machinery is no longer a no-op: computeLabelGeometry now reads style.margin + style.__marginType and applies marginForce / minMarginForce / marginDefault per index into _tmpLabelMargin, expanding the LOCAL rect for textMargin and the GLOBAL rect for minMargin via expandOrShrinkRect — so minMargin/textMargin genuinely enlarge label rects for overlap resolution again (the __marginType tag it depends on is now stamped by labelStyle.setTextStyleCommon) ||| computeLabelGeometry2 (raw local-rect + transform geometry, used by the axis-break boundary-label de-overlap pass) is ported at labelLayoutHelper.swift:494, including the obb reset and the untouched dirty bits		hideOverlap and shiftLayoutOnXY use Swift's unstable sort where JS Array.prototype.sort is stable; priority ties are common (identical host-rect areas in bar/scatter charts) and rect-x ties happen in shiftLayoutOnXY, so which of two equally-ranked labels gets hidden or shifted can differ from upstream and vary between runs	"STALE-MARKER: Sources/EChartsKit/label/labelLayoutHelper.swift:29-32 still claims ""labelLayoutApplyTranslation (and LabelGeometry dirty-bit caching) remain deferred"" while both are implemented right below (labelLayoutApplyTranslation at :347, setLabelLayoutDirty/isLabelLayoutDirty/LABEL_LAYOUT_DIRTY_* at :322-342). Also verified the hideOverlap comparator sign matches upstream's `(bSuggest-aSuggest) || (b.priority-a.priority)` descending order, and that labelIntersect deliberately gates on the LIVE label.ignore rather than the geomIgnore snapshot (documented, and the more correct of the two)."
A	Sources/EChartsKit/label/labelStyle.swift	upstream/echarts/src/label/labelStyle.ts	minor	parity	98	none	1	0	0	LabelExtendedTextStyle.__marginType is now stored: setTextStyleCommon writes textStyle.__marginType = LabelMarginType.minMargin/.textMargin.rawValue alongside the margin value (labelStyle.swift:609/618), backed by the new TextStyleProps.__marginType field in ZRenderKit/Graphic/Text.swift:233 (and carried through style extend at Text.swift:1725). Downstream margin-conflict resolution in labelLayoutHelper.computeLabelGeometry now distinguishes the two kinds and expands the correct (local vs global) rect			Every upstream export is present (setLabelText, getLabelText, setLabelStyle, getLabelStatesModels, createTextStyle, createTextConfig, setTextStyleCommon, getRichItemNames, setTokenTextStyle, getFont, labelInner, setLabelValueAnimation, animateLabelValue, LabelMarginType). The NSNull guards on the minMargin/textMargin reads and the _num Int/Double coercion are correct handling of this repo's option boxing, not divergences.
A	Sources/EChartsKit/layout/barGrid.swift	upstream/echarts/src/layout/barGrid.ts	minor	minor	96	low	2	0	2	createProgressiveLayout now wires the render planner: `let planner = createRenderPlanner()` is created once and adapted to the 4-arg StageHandlerPlan (barGrid.swift:492-495), and Scheduler.swift:557/734 does consume context.plan, so large/progressive mode transitions correctly return 'reset' and chunk planning matches upstream instead of resetting every pass ||| computeBarLayoutForCustomSeries now resolves string-percent bar sizes: barWidth/barMaxWidth/barMinWidth go through number.parsePercent(..., bandWidthResult.w) exactly as the real-series path does, so a custom series asking for barWidth '50%' gets a real width instead of 0		"barMinHeight is read as `seriesModel.get(""barMinHeight"") as? Double ?? 0`, which returns nil for an Int-boxed option, so `barMinHeight: 5` written as an Int literal is silently dropped and near-zero bars stay invisible (the demos work around this by writing 2.0/5.0) ||| createLayoutInfoListOnAxis uses `seriesModel.get(""barMinWidth"") ?? (large ? 0.5 : 1)` where upstream uses JS `||`, so an explicit `barMinWidth: 0` keeps 0 instead of falling back to the 0.5/1 cartesian default and sub-pixel bars can disappear"	calcBarWidthAndOffset, createLayoutInfoListOnAxis, makeColumnLayoutOnAxisReal, createCrossSeriesLayoutHandler, registerBarGridAxisHandlers and the progressive `progress` body all match upstream statement-for-statement, including the barGridTruthy JS-falsiness fixes for NaN parsePercent results. The PORT-NOTE at :53-55/:752-758 about chart/helper/axisSnippets.ts not being ported is ACCURATE (no axisSnippets.swift exists; makeAxisStatKey2/createBandWidthBasedAxisContainShapeHandler are duplicated as private stubs here and in barPolar.swift) — not a stale marker. Also note the force-unwrapped data.mapDimension(...)! at :510-511 (self-flagged POTENTIAL-BUG) and the `cartesian.master as! Grid` downcast at :547 are crash liabilities on malformed input rather than behaviour gaps.
A	Sources/EChartsKit/layout/points.swift	upstream/echarts/src/layout/points.ts	minor	parity	99	none	1	0	0	handler.plan is now wired: `createRenderPlanner()` is instantiated ONCE per pointsLayout (so its makeInner large/progressiveRender state persists across calls) and adapted to the 4-arg StageHandlerPlan; Scheduler.swift:557 stores it and :734 invokes it, so a large/progressive mode flip now returns .reset and forces a re-reset exactly as upstream			createRenderPlanner.swift is a faithful port (inner bag, pipelineContext nil-guard, 'reset' on either flag change). Rest of reset/progress matches upstream line-for-line; the tmpIn/tmpOut scratch-buffer reuse and the Geo/Polar coord-system shims are accepted language idioms. One cosmetic divergence: in the useTypedArray && dimLen==1 case the Swift `if offset+1 < points.count` guard drops the trailing pair where upstream's Float32Array silently ignores the out-of-range write — same observable result. No stale markers found (the PORT-NOTE at :42 accurately describes the arity adapter it guards).
A	Sources/EChartsKit/model/Global.swift	upstream/echarts/src/model/Global.ts	minor	parity	98	none	1	0	0	_mergeOption now preserves replaceMerge 'holes': oldCmptList is wrapped with `map` (not compactMap) into [MappingExistingItem?], keeping existings/result/idIdxMap index-aligned; modelUtil.mappingToExists/prepareResult/mappingById take the Optional element type and iterate by index, and the visitComponent result loop appends nil into optionsByMainType/cmptsByMainType so a removed component keeps its index (design case 3 now modeled)			Verified the whole hole-preservation chain end-to-end (Global.swift:410-427 -> modelUtil.swift:643-677 -> Global.swift:564-578) and confirmed mappingByIndex restarts nextIdx per new option exactly like upstream, so `normalizeToComponentOptionList`'s compactMap over the NEW option list is behaviorally equivalent. Method surface matches upstream Global.ts completely (setOption/_resetOption/_mergeOption/getOption/queryComponents/findComponents/each*/filterSeries/restoreData). No stale markers.
A	Sources/EChartsKit/model/Model.swift	upstream/echarts/src/model/Model.ts	minor	minor	98	none	1	1	0	clone() now reconstructs the concrete subclass: the designated initializer is `required`, and clone() calls `type(of: self).init(util.clone(self.option))` returning `Self`, mirroring upstream `new (this.constructor)(clone(this.option))` — a cloned ComponentModel/SeriesModel keeps its type instead of degrading to a base Model	isAnimationEnabled() omits upstream's `!env.node` guard, so in a headless/SSR-style context animation is not force-disabled (deliberate native divergence: ZRenderKit hardcodes env.node=true, which would otherwise kill all animation on device)		Everything else (get/getShallow/getModel/_doGet parent chaining, parsePath, resolveParentPath, mergeOption, isEmpty) is line-faithful; _doGet even honours JS's numeric-array-index-by-string-key behaviour. Doc-comment drift only: the import-mapping header at Model.swift:31 still calls GlobalModel 'currently a placeholder protocol in util/types.swift' although it is now a real class in model/Global.swift — documentation-only, no code impact.
A	Sources/EChartsKit/model/OptionManager.swift	upstream/echarts/src/model/OptionManager.ts	minor	minor	91	medium	1	2	0	setAsPrimitive typed-array-reuse guard: verified this is a genuine no-op in Swift rather than a gap — util.isTypedArray matches ContiguousArray, a value type that util.clone does not traverse (it matches neither the [String: Any] nor [Any] branch), so the user's typed array is already passed through uncopied, which is exactly what the upstream tag buys	Registered preprocessors never reach timeline `options[]` entries or `media[].option` (and, for the `{baseOption, options, media}` option shape, not even baseOption): doPreprocess passes ECUnitOption by value so preProcess mutations are discarded, and ECharts.setOption only preprocesses the ROOT bag — so per-frame timeline/media options keep un-normalized visualMap/graphic/markPoint/parallel/aria/timeline options ||| __DEV__ per-item media shape check missing: an option like `media:[{query:{option:{...}}}]` (option nested inside query) silently renders nothing instead of logging 'Illegal media option. Must be like { media: [ { query: {}, option: {} } ] }' (the array-shape error at :422 IS ported)		parseRawOption/applyMediaQuery/compare/indicesEquals/getMediaOption/getTimelineOption/mountOption are otherwise faithful, including the ec2 timeline-on-root compat and the buildMediaQuery bridge that un-broke media parsing from the dynamic bag. Value-type write-backs (optionBackup mutation) are correct. Priority raised from low to medium because the preprocessing gap silently degrades every `{baseOption, options}` timeline chart, not just exotic ones. Doc drift: header import note at :25 still says 'core/ExtensionAPI not ported yet' while :242-247 correctly uses the real api.getWidth()/getHeight().
A	Sources/EChartsKit/model/Series.swift	upstream/echarts/src/model/Series.ts	minor	minor	93	medium	4	2	0	mergeDefaultAndTheme now does the layout-mode box merge: layout.fetchLayoutMode(self) + layout.getLayoutParams(option) captured before the theme/default merges and layout.mergeLayoutParam(&option, inputPositionParams, {ignoreSize}) applied after — box-positioned series (pie/funnel/…) get their left/top/right/bottom/width/height reconciled; mergeOption has the matching newSeriesOption merge ||| mergeDefaultAndTheme now applies modelUtil.defaultEmphasis(option,'label',['show']) at the top level via defaultEmphasisOnBag (read-modify-write-back of the value-type bag), so series-level emphasis.label.show defaults from label.show ||| fillDataTextStyle is no longer an empty loop: every data[i] carrying a `label` gets defaultEmphasis(data[i],'label',['show']) and the mutated array is written back through self.option['data'], so per-datum emphasis label show defaults exist ||| getAllData now routes linked data: linkSeriesData.getLinkedData(mainData) stands in for the upstream `getLinkedDataAll` presence check and getLinkedDataAll returns every sub-data (graph node+edge, tree) instead of always [{data: mainData}]	getCurrentTask(seriesModel) still hardcodes `return nil` (Scheduler pipeline currentTask/agentStub lookup deferred), so getData()/setData() never read or write the live task context: a stage that calls setData (dataZoom filter, downsampling) does not publish context.outputData downstream, and onDataChange's task.setOutputEnd is dead — getData always yields inner.data ||| getData(dataType) is written but unreachable: the linkSeriesData branch lives inside the `if let task` arm, and since getCurrentTask() is always nil the base getData ignores dataType entirely and returns the main data — graph/tree/sankey edge routing still depends on each series overriding getData(.edge)		STALE-MARKER: Sources/EChartsKit/model/Series.swift:32 says 'getLayoutParams/fetchLayoutMode layout-mode selection still deferred', but mergeDefaultAndTheme (:249-307) and mergeOption (:338-351) both call layout.fetchLayoutMode/getLayoutParams/mergeLayoutParam, and layout.swift:647/764 implement them for real. Full upstream method surface is present (init, appendData, getEncode, getSource*, getColorBy, getBaseAxis, indicesOfNearest, formatTooltip, isAnimationEnabled, restoreData, getColorFromPalette, coordDimToDataDim, getProgressive*, select/unselect/toggleSelect/isSelected, isUniversalTransitionEnabled, _innerSelect, _initSelectedMapFromData, autoSeriesName, dataTask*). The two remaining items are one root cause (unwired getCurrentTask), which is why priority stays medium.
A	Sources/EChartsKit/util/format.swift	upstream/echarts/src/util/format.ts	minor	minor	97	low	0	2	0		format.windowOpen(link, target) is still an empty body, so an element/label configured with a `link` (custom series, graphic component, tooltip anchors) does nothing when tapped instead of opening the URL — no UIApplication.open host seam yet ||| formatTplSimple iterates the Swift Dictionary of params, so replacement order is unspecified; if one substituted value itself contains another key's `{key}` placeholder the rendered text can differ per run (upstream replaces in JS insertion order)		Whole upstream export surface is present and faithful (addCommas, toCamelCase, normalizeCssArray, encodeHTML, makeValueReadable, formatTpl + TPL_VAR_ALIAS/wrapVar, getTooltipMarker both overloads, formatTime, capitalFirst, convertToColorString, truncateText, getTextRect). Both remaining items are already correctly self-documented in the code (no stale markers); neither was touched by the 07-18 campaign, which only edited this file as a byproduct of the TooltipView migration.
A	Sources/EChartsKit/util/graphic.swift	upstream/echarts/src/util/graphic.ts	major	minor	88	low	5	1	3	setTooltipConfig is ported and wired: it stamps ecData.componentMainType/componentIndex and ecData.tooltipConfig (name + option with content/encodeHTMLContent/formatterParams, $vars order preserved via KeyValuePairs), and is called from LegendView, GraphicView and AngleAxisView — component-level item tooltips (legend/graphic/axis label/geo) now resolve ||| clipRectByRect is ported with upstream's exact `x2>=x && y2>=y` semantics (returns nil for a fully clipped rect) instead of being inlined per demo ||| groupTransition is ported and wired (ParallelComponentView, RadiusAxisView, SingleAxisView): builds the anid->Displayable map for the old group, snaps each matching new element to the old pose via attr(), then updateProps to its own pose; Path shapes are handed over as their per-key animationProps() bag so the tween recurses per shape key instead of collapsing to one discrete leaf ||| calcZ2Range is ported faithfully (state z2 overrides + textContent + textGuideLine, min>max fallback to 0/0) via a traverseElement polyfill that visits the root group like upstream ||| extendPath is ported (delegates to ZRenderKit extendFromString), restoring the user-facing 'extend a Path from an SVG path string' API	extendShape(opts) is still absent, so the public echarts.graphic.extendShape API (user-defined shape classes for custom series / graphic elements) is unavailable — needs a Path.extend runtime-subclass synthesizer in ZRenderKit	(pre-existing, not in the 07-17 list) traverseElements(els, cb) is not ported — progressive views that need to walk `_progressiveEls || group` (CandlestickView) inline their own walk instead ||| (pre-existing, not in the 07-17 list) payloadDisableAnimation(payload) is not ported — roam/zoom payloads cannot force-disable animation, so roam updates rely on per-call-site immediate sets ||| (pre-existing, not in the 07-17 list) getCurrentCanvasPainter(api) and the HOVER_LAYER_* constants are absent — motion-blur/hover-layer configuration is host-managed (EChartsView.configLayer) rather than driven from the model	calcZ2Range currently has no in-repo caller (upstream's only consumer is the thumbnail component, which is not ported) — ported but dormant, which is fine. makePath/makeImage/mergePath/resizePath/subPixelOptimize* are not missing: they live in ZRenderKit (Tool/ToolPath.swift, Graphic/Helper/subPixelOptimize.swift) with upstream's centerGraphic/rect-fitting semantics intact, which is an accepted relocation. The header comment at :2-6 and the extendShape PORT-NOTE at :588 accurately describe what is and isn't ported — no stale markers. Status moves major -> minor and coverage 65 -> 88.
A	Sources/EChartsKit/util/modelUtil.swift	upstream/echarts/src/util/model.ts	minor	minor	96	low	0	0	1			(pre-existing, not in the 07-17 list) interpolateRawValues force-casts and will trap on Int-boxed option values: `precision as! Double` crashes when a label sets an integer `precision: 2`, and `targetValue as! [Any?]` crashes when the raw value is a non-Double number (util.isNumber only matches Double, so an Int datum falls through the isNumber/isString arms into the array branch) — reachable from LineView endLabel valueAnimation and labelStyle's value-animation `during` callback with integer series data	The previously recorded preParseFinder gap is NOT a real behavior gap and I did not count it as fixed: each finder key `<main><Index|Id|Name>` is unique, so every (mainType, queryType) write is independent, and parseFinder's per-mainType queryOptionMap.each writes disjoint `<mainType>Model(s)` keys — the result is order-independent by construction (the PORT-NOTE at :1225 saying so is accurate, not stale). Full upstream export surface is present and faithful, including mappingToExists' Optional-hole handling (which is what unblocked Global.swift's replaceMerge fix), makeInner, compressBatches, groupData, ListIterator, the extent-union helpers, makeCallOnlyOnce, removeDuplicates and preparePipelineContext. Coverage held at 96 with the latent force-unwrap risk noted.
A	Sources/EChartsKit/util/states.swift	upstream/echarts/src/util/states.ts	minor	minor	95	low	2	1	1	blurComponent now honours the `view.focusBlurEnabled` opt-in gate (states.swift:605) exactly as upstream states.ts:536, so only GeoView-style views get their children blurred ||| createBlurDefaultState now mines in-flight non-blur style animators via getFromStateStyleOpacity/StyleStateScratch + animator.saveTo (states.swift:300-316), matching upstream getFromStateStyle — blurring mid style-animation dims from the animation's FINAL opacity	highDownSilentOnTouch is still a no-op: `el as? ECElement` never succeeds (no scene-graph type conforms to ECElement) and MapDraw never writes the flag, so on touch input a tap on a map/geo region with selectedMode still triggers hover-emphasis instead of being suppressed	"createEmphasisDefaultState mutates the element's STORED emphasis ElementState in place (state!.style / s.props[""z2""] on the shared `ElementState` class) instead of upstream's clone-on-write, so the lifted fill and z2 are baked permanently into el.states[""emphasis""]: after the element's normal fill or z2 changes (data update / re-visual on a reused element), hover shows the previously-lifted colour / stale z2 (pre-existing, not introduced by the fix commits)"	"Two fix commits (3142bf0, 555985e) plus cross-file work. STALE-MARKER: Sources/EChartsKit/util/states.swift:232-238 claims the synthesized default emphasis/blur style bag ""only becomes VISIBLE once Path's keyed animation accessor for the value-type style sub-bag lands"" — that accessor IS live (Path.swift PathStyleAnimationAccessor writes pathStyle + dirtyStyle), so the default colour-lift/opacity dim does render today. STALE-MARKER: Sources/EChartsKit/util/states.swift:475-476 says shouldSilent is ""used only by the mouse-over/out handlers (deferred)"" — those handlers are live (EChartsView.swift:515 binds handleGlobalMouseOverForHighDown). The setAsHighDownDispatcher fix (555985e) only added the faithful-but-unreachable cast; behaviourally nothing changed."
A	Sources/EChartsKit/view/Chart.swift	upstream/echarts/src/view/Chart.ts	minor	minor	94	low	1	1	0	eachRendered now inlines upstream traverseElement: `cb` is invoked on the root group element itself before descending (Chart.swift:263-269), so callers that need the root (label/clip sweeps) see it	markUpdateMethod is still an explicit no-op (value-type Payload cannot carry makeInner state), so renderTaskReset always routes to 'render' and never to a view's updateView/updateVisual — a ChartView subclass overriding updateView would have it silently bypassed by the render task		Fixed in 718a289. The markUpdateMethod gap is currently latent: no ChartView subclass in the port overrides updateView/updateVisual (only ComponentViews do), and the Scheduler render-task path itself is dormant (ECharts.renderSeries calls chartView.render directly; Scheduler.prepareView is deferred). Related latent risk, not a live break: renderTaskReset/progressMethodMap force-unwrap `context.payload!` (Chart.swift:392, 406, 416) while Scheduler.updatePayload can legitimately store nil — this will trap the moment the renderTask pipeline is wired (sub-project C2).
A	Sources/EChartsKit/visual/VisualMapping.swift	upstream/echarts/src/visual/VisualMapping.ts	minor	minor	96	low	2	1	1	prepareVisualTypes now reproduces upstream's Array.prototype.sort with the exact (non-strict-weak) comparator via a V8-style insertion sort (VisualMapping.swift:538-550), so `color` is hoisted ahead of colorSaturation/colorAlpha only, never ahead of unrelated types like `symbol` ||| prepareVisualTypes now skips the `__alphaForOpacity` key while collecting object keys (VisualMapping.swift:520), reproducing upstream's prototype-hidden slot centrally for every walker	normalizeVisualRange flattens an object-form `visual` through nondeterministic Swift Dictionary iteration (VisualMapping.swift:731-736), so for `visualMap.inRange: {…}` written as an object the paired [min,max] visual assignment order can differ from JS insertion order (and can differ run to run)	prepareVisualTypes' object branch collects keys with the same nondeterministic Dictionary iteration (VisualMapping.swift:514), and the ported insertion sort is order-sensitive for non-color types — so the relative order in which e.g. `symbol` vs `opacity` mappings are applied is not stable across runs (pre-existing; the sort fix made the ordering faithful but did not make the input order deterministic)	Fixed in 1fea2b0 (+ acd9922 for the hidden-slot skip). The remaining items are both instances of the same root cause (unordered Swift dictionaries standing in for JS insertion-ordered objects); an ordered key list captured at option-parse time would close both.
A	Sources/EChartsKit/visual/visualSolution.swift	upstream/echarts/src/visual/visualSolution.ts	major	parity	97	none	2	0	0	__alphaForOpacity is now filtered out of every walk of a mappings collection — the filtering moved into VisualMapping.prepareVisualTypes (VisualMapping.swift:520) and applyVisual/incrementalApplyVisual just consume it — so an opacity visualMap/brush no longer applies an extra colorAlpha on top of the item colour ||| the prototype-hidden-slot emulation is now consistent across all consumers: writers use the shared `alphaForOpacityKey` constant, readers get the filtered type list, and the `opacity -> __alphaForOpacity` remap lookups in visualEncoding/VisualMapView still resolve			Fixed in a04b794, then centralised in 3d2f2c1. All four upstream exports (createVisualMappings / replaceVisualOption / applyVisual / incrementalApplyVisual) plus the two inlined visual/helper bridges are faithful line-for-line. Residual (non-user-facing) structural risk only: the mappings dictionary literally still contains the `__alphaForOpacity` key, so any FUTURE code that iterates a VisualMappingCollection without going through prepareVisualTypes would see it — the invariant is comment-enforced, not type-enforced.
A	Sources/ZRenderKit/Core/event.swift	upstream/zrender/src/core/event.ts	minor	minor	92	low	0	2	0		transformCoordWithViewport is still a `return nil` stub (event.swift:311-313), so the CSS-transform viewport mapping from dom.ts is unavailable — any host that does NOT pre-populate zrX/zrY on a non-canvas element gets no coordinates ||| calculateZrXY still short-circuits to (0,0) whenever it is reached on native, because env.domSupported is false — a pointer event that ever reaches this path (no offsetX and no bridge-supplied zrX) would hit-test at the origin		Only edit since the last audit (8e30308) added shiftKey/ctrlKey/altKey to ZRRawEvent for RoamController.isAvailableBehavior — an improvement, no regression. Both remaining gaps are DOM-only paths that the UIKit bridge bypasses by writing e.zrX/e.zrY before normalizeEvent (which then early-returns at event.swift:356), so they are unreachable today; they only matter if a future host feeds raw client coordinates in. The rest of the file (clientToLocal branch order, wheel-delta polyfill, which-from-button mapping, MOUSE_EVENT_REG) is faithful.
A	Sources/ZRenderKit/Core/util.swift	upstream/zrender/src/core/util.ts	minor	minor	65	low	1	4	0	`each` now has a Dictionary overload (util.swift:255-261) mirroring upstream's `for (key in obj)` branch, so object-form bags can be iterated with cb(value, key) instead of being silently skipped	"map/reduce/filter/find still accept arrays only (util.swift:266-317); upstream iterates Dictionary objects and ArrayLike too, so an object-shaped bag passed to util.map returns [] instead of the mapped values ||| HashMap/createHashMap are still absent from this module (util.swift:568 documents the omission); callers must reach for the EChartsKit-local shim in util/modelUtil.swift, so ZRenderKit-side code has no Map shim available ||| isFunction is a `String(describing: type(of:)).contains(""->"")` heuristic and isObject falls back to Mirror(.class) (util.swift:328-371) — approximations of typeof that can misclassify (e.g. a class instance that is not a JS-object analogue is reported as an object; a value whose type name contains ""->"" would be reported as a function) ||| assignProps, slice, trim, hasOwn, concatArray, inherits, mixin, bind, curry, createCanvas and disableUserSelect are not ported — call sites must hand-roll each (most are trivially idiomatic in Swift, but assignProps/concatArray have real upstream call sites that were rewritten ad hoc)"		fbd06a1 added the dict `each`; 140568f additionally tightened `clone`/`merge` with an isPrimitiveBag guard mirroring upstream's !isPrimitive checks (an improvement not previously credited). Roughly 13 of ~55 upstream exports remain unported; of those, inherits/mixin/bind/curry/slice/trim/hasOwn/concatArray are the language-idiom class the grading rules discount, which is why coverage moves only slightly.
A	Sources/ZRenderKit/Element.swift	upstream/zrender/src/Element.ts	minor	minor	93	medium	2	4	0	updateInnerText now ports the autoOverflowArea / overflowRect inverse-transform clamp (Element.swift:503-589): the layoutRect is inverse-transformed into the text's local coord and handed to the text as a persistent BoundingRect, and Text.swift's calcInnerTextOverflowArea consumes it — so inside-text overflow/ellipsis against the host rect works ||| saveCurrentToNormalState now walks this.animators and bakes a running (non-loop, non-state-transition) animation's FINAL value into _normalState via animator.saveTo, including shape/style sub-bags through the _RefBag reference wrapper (Element.swift:858-882) — interrupting an animateTo with a state change now restores to where the animation was heading rather than the interpolated frame	A state's `textConfig` is never applied: useState/useStates save and merge state.textConfig but nothing assigns it to self.textConfig (upstream does this in _applyStateObj), so every emphasis textConfig written by label/labelStyle.swift:437, SunburstPiece, ToolboxView and graph circularLayoutHelper is ignored — hovering a labelled element does not switch the label's inside/outside fill, position or rotation to its emphasis config ||| Hover-layer machinery is still dropped: shouldUseHoverLayer unconditionally returns IN_HOVER_LAYER_KIND_NO (Element.swift:2089-2100) and __inHover is never assigned non-zero, so emphasis never promotes an element to a separate hover layer — `hoverLayerThreshold` / large-data hover performance and ZRender.refreshHover remain inert ||| _applyStateObj remains an empty base (Element.swift:1235-1243) with state application routed through _computeRestoreTarget + _stateApply/animateTo; besides the textConfig omission above this diverges on the primary-prop split and the IN_HOVER_LAYER_KIND_ONLY_STYLE_CHANGE early-out, so per-state behaviour that upstream special-cases there is not reproduced ||| Legacy position/scale/origin array accessors (createLegacyProperty/enhanceArray) are still not ported (Element.swift:1592), so option/user code that reads or writes el.position[0] / el.scale[1] has no equivalent		a90dd82 closed gaps 1 and 3 faithfully (verified against upstream Element.ts:596-700 and 860-883). Later touches (9cde1e0 CornerRadius value-equality in anyStrictEqual, feea25b percent-string textConfig.position) are improvements, no regressions. The state-textConfig omission is the concrete user-visible consequence of the accepted _applyStateObj divergence and is why priority stays medium; the shape/style/z2 half of state application does work, since Path exposes ShapeAnimationAccessor/PathStyleAnimationAccessor that write back and mark dirty.
A	Sources/ZRenderKit/Graphic/Path.swift	upstream/zrender/src/graphic/Path.ts	minor	minor	95	low	0	1	0		_innerSaveToNormal / _applyStateObj / _mergeStates are still empty overrides (Path.swift:1117-1144): upstream's shape clone-into-normal-state, per-state shape merge and shape-target animate/dirtyShape bodies are absent, so Path contributes nothing of its own to state application — anything upstream special-cases there (the IN_HOVER_LAYER_KIND_ONLY_STYLE_CHANGE early-out, `extend({}, normalState.shape)` inheritance rules, and textConfig-bearing path states) is not reproduced		No fix commit targeted this file; the recorded gap is unchanged. It is largely benign in practice: Element's useState -> _computeRestoreTarget -> _stateApply -> animateTo path does drive the `shape` sub-bag through ShapeAnimationAccessor, which writes back into the live shape and calls dirtyShape, so state-driven shape transitions (and their restore-to-normal) do work end to end. Post-audit edits to this file were improvements: setStyle(PathStyleProps) overload for clonePath (e1b02bb), PathShape.animationProps() so a value-type shape is tweened key-by-key instead of set as one discrete leaf (09d0633), and Int/String coercion in PathStyleProps.animationSet that fixes the Int-vs-Double option-read trap for state style bags (05afbe1).
A	Sources/ZRenderKit/Graphic/Pattern.swift	upstream/zrender/src/graphic/Pattern.ts	minor	minor	95	low	1	2	0	Pattern.image now models upstream's `ImageLike | string` union via the `ImageSource` enum (.url/.image) and is assigned unconditionally in init, so a pattern fill can carry an already-decoded native image; NativePainter/CGRenderer.resolvePatternImage (CGRenderer.swift:279-291) switches on both arms, so image-object patterns actually render	The `ImagePatternObject` protocol's `image` is still `String`, so a pattern declared through the option-level pattern-object interface (the `{image, repeat}` arm consumed by BarView/decal) can only name a URL/file/data-URI string — handing it a decoded native image object is still impossible (BarView.swift:1369 lifts it with `.url(ip.image)`) ||| SVGPatternObject has no `svgElement` slot (upstream `svgElement?: SVGVNode`) and `Pattern.svgElement` is `String?`, so an SVG-vnode pattern source cannot be expressed at all		Graded from code, not comments. The class-level ImageLike gap recorded on 2026-07-17 is genuinely closed end-to-end (type + painter). Comments at Pattern.swift:8/32/48/56 are accurate, not stale — they correctly scope the remaining String slots to the separate protocol symbols. Everything else in the file (PatternObjectBase/InnerImagePatternObject shape, repeat enum, x/y/rotation/scaleX/scaleY defaults, the `type` optionality note) matches upstream exactly.
A	Sources/ZRenderKit/Graphic/Text.swift	upstream/zrender/src/graphic/Text.ts	minor	minor	95	low	0	4	0		getFill/getStroke (Text.swift:1636-1653) still take `String?`, so upstream's `(fill|stroke).image || .colorStops ? '#000'` branch is unreachable: a label whose color is a gradient/pattern object cannot be expressed and never falls back to black the way upstream does ||| parseRichText's token sizing still skips upstream's `backgroundColor.image` → `token.width = max(width, bgImg.width * tokenHeight / bgImg.height)` branch (Text.swift:2360-2366 vs parseText.ts:515-528), so a rich-text token whose background is an image is sized only by its measured text width — image backgrounds are clipped/mis-laid-out ||| setSeparateFont (Text.swift:1574-1583) still drops the string arm of token `fontSize` ('12px'/'1em') when copying to TSpanStyleProps.fontSize (Double); svg-only field, no canvas-render effect since makeFont already builds the font string ||| (pre-existing, not on the 2026-07-17 list) ZRText state application uses extendTextStyle (shallow `rich` replace) in _applyStateTextStyle (Text.swift:758-783) instead of the deep per-token rich merge of upstream `_mergeStyle`; an emphasis state that defines only some rich tokens drops the normal state's other tokens. The faithful `_mergeStyle` (Text.swift:958) exists but is dead code		"The only edit since 2026-07-17 (commit ef3dc93) added the `__marginType` tag field + its copy in extendTextStyle for labelStyle/labelLayoutHelper — a faithful addition; none of the three recorded gaps were touched (matches fix_notes deferred=3). STALE-MARKER: Sources/ZRenderKit/Graphic/Text.swift:956 says _mergeStyle is ""Used by the (deferred) states machinery"" — the states machinery IS ported (useStates/_applyStateTextStyle above it, Displayable._mergeStyle at Displayable.swift:588); the truth is the reverse: _mergeStyle here has no callers at all. The gradient/pattern-text-fill limitation is more consequential than the '#000' fallback suggests: the Swift type simply drops such a color, it does not render black."
A	Sources/ZRenderKit/Tool/ToolPath.swift	upstream/zrender/src/tool/path.ts	minor	minor	97	low	2	1	0	clonePath now carries the source's buildPath (ToolPath.swift:654-657) through the `__morphBuildPath` build-hook, and that hook is honored by Path.getUpdatedPathProxy (Path.swift:706), getCachedPathProxy (:729) and getBoundingRect (:778) — a cloned SVGPath / MergedPath / shaped path now emits real geometry instead of the base no-op, so dividePath('clone') and morphTransitionHelper clones actually draw ||| clonePath's `useStyle` (replace) vs upstream `setStyle` (merge) is behaviorally equivalent, verified: upstream's source style is a createObject(DEFAULT_PATH_STYLE) whose OWN keys are exactly what extend() copies, while Swift's magic PathStyleProps already has the same defaults baked in by createStyle, and useStyle re-merges DEFAULT_PATH_STYLE for a non-magic source (Path.swift:1068-1085). Resolved styles match, including the null fill that avoids the black-fill trap	createPathOptions/MergedPath.buildPath still skip upstream's `path.getContext()` + `rebuildPath(ctx, 1)` Canvas2D rebuild (ToolPath.swift:432-441, :574-575); on the native backend this is unobservable (Path.createPathProxy always builds a saving PathProxy, so `canSave()` is true and the append branch always wins), but the `else` arm is a silent no-op if a non-saving proxy ever reaches it		Graded from code. LATENT RISK from the clonePath fix (not user-visible today, so not counted as a gap): `__morphBuildPath` is a single shared slot, and morphPath.restoreMethod (morphPath.swift:409-411) clears it to nil instead of restoring the previous builder the way upstream's SAVED_METHOD_PREFIX does — so a clonePath-produced path that is later used as a morph TARGET (combineMorph's toSubPathList when divideShape:'clone', morphPath.swift:828) permanently loses its geometry once the morph is restored. It is invisible only because those sub-paths stop being rendered when __isCombineMorphing is cleared. Polyline.swift:106-116 already documents the same slot collision. Everything else in the file (createPathProxyFromString command parsing, processArc, extendFromString factory, mergePath) matches upstream command-for-command; makePath/makeImage/resizePath are extra echarts-side helpers hosted here, not upstream path.ts omissions.
A	Sources/ZRenderKit/ZRender.swift	upstream/zrender/src/zrender.ts	minor	minor	96	low	2	1	0	_refresh now paints on a hover-only refresh: `if refresh || refreshHover` (ZRender.swift:310-313) pulls the display list and calls painter.refresh, so refreshHoverImmediately()/refreshHover() produce an actual repaint instead of a silent no-op (deliberate divergence: no promoted hover layer natively, so the whole list is repainted) ||| useCoarsePointer defaulting is now faithful (ZRender.swift:193-199): nil/'auto' follows env.touchEventsSupported (true on the native env, env.swift:94) and retrieve2(opts.pointerSize, 44) applies, so touch hit-testing gets the enlarged 44pt pointer size by default instead of no pointerSize at all	opts.useDirtyRect is normalized and stored but no dirty-rect painting exists anywhere in the tree (only Displayable.dirtyRectTolerance is ported); every frame is a full repaint, so `useDirtyRect: true` buys nothing — performance only, no correctness impact		"Function-by-function comparison against upstream zrender.ts: constructor (incl. useDirtyRect normalization, ssrMode, Animation stage wiring), add/remove/configLayer/setBackgroundColor/getBackgroundColor/setDarkMode/isDarkMode, refreshImmediately/_refresh/refresh/flush/_flush (incl. _stillFrameAccum sleep + 'rendered' event), setSleepAfterStill/wakeUp/refreshHover(Immediately)/resize/clearAnimation/getWidth/getHeight/setCursorStyle/findHover/on/off/trigger/clear/dispose and the module-level init/dispose/disposeAll/getInstance/registerPainter/SSR getters all match. STALE-MARKER: Sources/ZRenderKit/ZRender.swift:30-33 (file header) says ""Handler / HandlerProxy (the input / hit-dispatch seam) — not ported. handler.* calls (resize / setCursorStyle / findHover / on / off / trigger / dispose) are stubbed; ZRender events are routed through a local Eventful"" — false: Handler.swift is a full 718-line port, is constructed at :204 and every one of those calls routes through it (:405, :438, :451, :459, :485, :495, :524). Minor unrecorded type-contract gaps (not counted): ZRenderInitOpt/ZRenderResizeOpt width/height drop upstream's `number | string` arm ('auto'/'10px' unsupported), and handlerProxy is injected rather than gated on env.node/env.worker (sanctioned native-input deviation)."
B	Sources/DemoGallery/Demos/pattern-transform.swift	zrender/test/pattern-transform.html	parity	parity	95	low	0	0	1			Upstream's `zr.setBackgroundColor({image, repeat:'no-repeat'})` is not issued, so the page background image never renders (painter has no image-background path); only the pattern-filled rect is shown.	Only edit since the audit: `Pattern(path, .repeat)` -> `Pattern(.url(path), .repeat)`, matching the new `ImageSource` enum (Image.swift:54). Rect shape {0,0,200,200}, pattern x=100 / scaleX=0.5 / rotation=π/6 all still match the HTML exactly. No stale markers: the DEVIATION comment about setBackgroundColor is accurate.
B	Sources/DemoGallery/Demos/pattern.swift	zrender/test/pattern.html	parity	parity	100	none	0	0	0				"Edit is a genuine improvement, not a regression: the second circle now takes the IMAGE-OBJECT arm of upstream's `ImageLike | string` (`decodedUpstreamAsset(""test.png"")` -> `.image(CGImage)`), so the painter's resolvePatternImage exercises the `.image` branch instead of re-loading the path — previously both circles were identical path-loaded patterns. Verified `decodedUpstreamAsset` (Demos.swift:32) and `ImageSource.image` exist and CGRenderer.resolvePatternImage consumes both. Documented deviations (circle geometry scaled to the demo canvas; upstream builds circle 2 inside img.onload) are accurate."
B	Sources/EChartsDemoCore/Demos/boxplot-basic.swift		parity	no-upstream	100	none	0	0	0				Hand-authored demo (no official example / no upstream file it is ported from). Only change was the header comment, which dropped the stale claim that the boxplot dataset transform is deferred. Verified the new claim is TRUE: chart/boxplot/boxplotTransform.swift exists and `registerExternalTransform(boxplotTransform)` runs at component/transform/transformInstall.swift:69. The option itself (pre-computed 5-number data) is unchanged.
B	Sources/EChartsDemoCore/Demos/official-boxplot-light-velocity.swift		parity	parity	100	none	0	0	0				Comment-only edit: `nativeSupported: FALSE`->TRUE plus a rewritten header. The claim is verified, not stale — boxplotTransform.swift is a faithful port of chart/boxplot/boxplotTransform.ts and is registered (transformInstall.swift:69), and the demo's `nativeSupported: true` flag matches. The Swift `option` is still a 1:1 transcription of the embedded webOptionJS (titles, 3 datasets incl. `config: {itemNameFormatter: 'expr {value}'}`, tooltip, grid, axes, boxplot+scatter series); the template-string formatter is handled by prepareBoxplotData.swift:111 ({value} -> index), matching upstream.
B	Sources/EChartsDemoCore/Demos/official-boxplot-light-velocity2.swift		parity	minor	95	low	0	0	1			"The native pane's boxplot category labels read ""0""..""4"" instead of ""expr 0""..""expr 4"": `dataset[1].transform.config.itemNameFormatter` is still dropped from the Swift option even though the port now accepts a `(Double) -> String` closure for it."	"STALE-MARKER: Sources/EChartsDemoCore/Demos/official-boxplot-light-velocity2.swift:160-166 (and the header at :16-18) says the formatter is dropped because ""Swift cannot carry a closure through the option dict"" — false. prepareBoxplotData.swift:108 explicitly accepts `itemNameFormatter as? (Double) -> String`, and boxplotTransform.swift passes `cfg[""itemNameFormatter""]` through erased from the option dict, so `""config"": [""itemNameFormatter"": { (v: Double) -> String in ""expr \(Int(v))"" }]` would work. The fix campaign updated the header's nativeSupported claim (correctly) but left this half-done. Everything else in the option (swapped axes, encode {x:1,y:0}, titles, dataset chain) is a verified 1:1 transcription."
B	Sources/EChartsDemoCore/Demos/official-boxplot-multi.swift		parity	parity	100	none	0	0	0				Comment-only edit (nativeSupported FALSE->TRUE); claim verified against transformInstall.swift:69. Option is 1:1 with the embedded webOptionJS: 6 datasets (3 raw + 3 `fromDatasetIndex` boxplot transforms), legend, tooltip, grid, fixed y range -400..600, inside+slider dataZoom at 0..20%, 3 boxplot series on datasetIndex 3/4/5. `boxplotMultiMakeData` is a line-for-line mirror of `makeData()` with an LCG for Math.random (documented, unavoidable — the upstream example is random).
B	Sources/EChartsDemoCore/Demos/official-sunburst-label-rotate.swift		parity	parity	100	none	0	0	0				Real improvement, verified end-to-end: `label.formatter` is now carried as a `(CallbackDataParams) -> String` closure and every link in the chain exists — SunburstSeriesModel.getDataParams (SunburstSeries.swift:178) sets `params.treePathInfo = treeHelper.wrapTreePathInfo(node, self)`, treeHelper.wrapTreePathInfo (treeHelper.swift:117) walks root-inclusive and reverses exactly like upstream (so depth 2/3/4 line up), SunburstPiece passes `labelFetcher = seriesModel` into setLabelStyle, and DataFormatMixin.getFormattedLabel:197 casts to that exact signature. The old PORT-NOTE claiming treePathInfo was unavailable is gone and the replacement note is accurate. `sort: NSNull()` for `sort: undefined` still matches the `sort != null` guard.
B	Sources/EChartsKit/animation/customGraphicKeyframeAnimation.swift	echarts/src/animation/customGraphicKeyframeAnimation.ts	parity	parity	100	none	0	0	0				"Only change: the local duplicate `ELEMENT_ANIMATABLE_PROPS` was deleted in favour of the public one now owned by customGraphicTransition.swift:43 — same value `["""", ""style"", ""shape"", ""extra""]`, zero behavioural delta, and the replacement comment is accurate (not stale). Rest of the file still matches upstream function-for-function (percent sort, KEYFRAME_EXCLUDE_KEYS filter on the root pass, stopTracks of same-targetName animators, state-restore snapshot, whenWithKeys + delay/duration/start). Only omissions are the two __DEV__ blocks (missing end-frame warn, assert), which are dev-only."
B	Sources/EChartsKit/animation/customGraphicTransition.swift	echarts/src/animation/customGraphicTransition.ts	parity	minor	88	low	0	0	6			"`el.type == ""compound""` branch is an empty no-op: a compoundPath custom/graphic element's child Paths never receive their final `shape` from the option, so compound elements render with their construction-time geometry only. ||| `clearStyle: true` does not actually clear a Path's style — `disp.useStyle(CommonStyleProps())` resolves to Displayable.useStyle, which only resets the mirrored CommonStyleProps and leaves `pathStyle` (fill/stroke/lineWidth/decal) intact, so stale style keys survive on a reused element (CustomView masks this by re-applying a full typed style afterwards; GraphicView never passes clearStyle). ||| In-flight style animators are not re-pointed after the style object is replaced (`animator.changeTarget` deferred), so a style animation running when clearStyle fires keeps writing into the discarded style object and the visible property freezes. ||| A user `during(params)` callback can fire more than once per animation frame — upstream's `latestUserDuring !== scopeUserDuring` identity de-dup is dropped (Swift closures aren't identity-comparable). ||| `shape`/`extra` with `transition: 'all'` copies only the keys present in the new option instead of every live key on the element, so a live shape key absent from the option is not tweened from its current value. ||| `config.during` captures `el` strongly (el -> animator -> during -> el retain cycle); the sibling `config.done` in applyLeaveTransition deliberately captures weakly, so any element with a user `during` leaks until its animation completes."	File is new since the audit baseline and IS live (CustomView.swift:658/303/1628 and GraphicView.swift:209/226/234 call it), so it is not dormant. Core logic is a faithful port: getElementAnimationConfig (incl. the duration>0 gate for during/setToFinal/scope and the `${type}Animation` override merge), applyUpdateTransition ordering, updateLeaveTo merge semantics, applyLeaveTransition, applyPropsDirectly's style-null-out/attr/restore dance, applyMiscProps, prepareTransform*/prepareShapeOrExtra*/prepareStyleTransitionFrom, and the TransitionDuringAPI singleton. Divergences are the deferrals listed above plus two harmless ones: `isNonStyleTransitionEnabled` does value equality for the array branch instead of JS reference inequality (only matters when values are already equal, i.e. nothing to animate) and does not coerce numeric strings the way JS `isFinite` does. All PORT-TODO markers in the file were checked and are truthful (no stale markers).
B	Sources/EChartsKit/chart/bar/BarSeries.swift	echarts/src/chart/bar/BarSeries.ts	parity	parity	100	none	0	0	0				The edit is a real fix, verified: `__preparePipelineContext` is now `open override` against the base slot at model/Series.swift:846 (identical signature `(ChartView, PipelinePick) -> PipelineContext`, so no protocol-witness/narrowing trap), and core/Scheduler.swift:310 calls it unconditionally in updateStreamModes — so bar's `progressiveRender -> large = true` promotion is now actually reached, where the old comment correctly said it was unreachable. Everything else matches upstream 1:1 (getInitialData with createInvertedIndices, getProgressive, brushSelector -> selectors.rect(item layout), full defaultOption). Only cosmetic divergence: `select.itemStyle.borderColor` is the inlined literal '#3c3c41' rather than `tokens.color.primary` — value-identical to upstream tokens.ts:140/172 today, but it will not follow a token/theme override.
B	Sources/EChartsKit/chart/bar/LargeBarPath.swift	echarts/src/chart/bar/BarView.ts (LargePath / createLarge / largePathUpdateDataIndex / largePathFindDataIndex)	parity	parity	98	none	0	0	0				Substantially improved, no regression. `barCreateLarge` now matches upstream `createLarge` field-for-field: backgroundStyle model hoisted, `if (bgPoints)` truthy guard (the old `!bgPoints.isEmpty` extra condition is gone), `incremental = incrementalId` on both paths, silent/z2 ordering, group.add BEFORE useStyle, `style.stroke = null`, ECData.seriesIndex, and the previously missing `if (!seriesModel.get('silent')) el.on('mousedown'|'mousemove', ...)` hit-test wiring plus `progressiveEls` collection. Verified Element.on(event, handler) forwards `context ?? self` (Element.swift:1608), so the shared handler's thisCtx really is the path; largePathFindDataIndex mirrors upstream including the negative-size standardization, with a safe `min(points.count/3, largeDataIndices.count)` bound and `Int(exactly:)` guard replacing JS's harmless out-of-range read. Remaining deltas are non-behavioural: the packed buffers are `[Double]` rather than ContiguousArray/Float32 (the PORT-TODO at :14 is accurate, a perf item), and the progressive overload is only reached from BarView._incrementalRenderLarge, which BarView itself documents as dormant — that gap belongs to BarView, not this file.
B	Sources/EChartsKit/chart/effectScatter/EffectScatterSeries.swift	echarts/src/chart/effectScatter/EffectScatterSeries.ts	parity	parity	100	none	0	0	0				Edit was comment-only (removing the stale 'brushSelector intentionally not restored' PORT-NOTE) and the new comment is TRUE: `brushSelector` at :111 is live, overrides the base `open var brushSelector: BrushSelectorFn?` (model/Series.swift:439) with a matching type, and does `selectors.point(brushItemLayoutAsPoint(data.getItemLayout(dataIndex)))` — upstream's `selectors.point(data.getItemLayout(dataIndex))`. Model body otherwise matches upstream exactly: type/dependencies, hasSymbolVisual = true set in init (base declares it stored), getInitialData with useEncodeDefaulter, and a key-for-key identical defaultOption (z 2, legendHoverLink, effectType ripple, progressive 0, showEffectOn render, clip, rippleEffect 4/2.5/fill/3, universalTransition.divideShape clone, symbolSize 10).
B	Sources/EChartsKit/chart/gauge/Sausage.swift	echarts/src/util/shape/sausage.ts	parity	parity	100	none	0	0	0				Line-by-line match with sausage.ts: SausageShape defaults, the lessThanCircle normalization, both arc branches, the r0!=0 inner arc and the omitted closePath. `Math.max(shape.r0 || 0, 0)` is faithfully reproduced via the explicit NaN->0 coercion. Shape animation keys (cx/cy/r0/r/startAngle/endAngle) cover everything the gauge progress tween touches. No stale markers; the two PORT-NOTEs (file location, PathProps alias) are accurate.
B	Sources/EChartsKit/chart/heatmap/HeatmapSeries.swift	echarts/src/chart/heatmap/HeatmapSeries.ts	parity	parity	100	none	0	0	0				type/dependencies/getInitialData/preventIncremental/defaultOption all match. preventIncremental correctly overrides the base `open func` slot on SeriesModel (not an extension), so Scheduler.restorePipelines dispatches into it — the documented protocol-witness trap is avoided. defaultOption boxes numeric indices as Double (avoids the Int-vs-Double read trap) and tokens.color.primary is inlined as the correct resolved constant #3c3c41. The geo/calendar/matrix PORT-NOTEs describe the render path in HeatmapView, not omissions in this file.
B	Sources/EChartsKit/chart/helper/LargeLineDraw.swift	echarts/src/chart/helper/LargeLineDraw.ts	parity	minor	97	low	0	0	1			Progressive/incremental draws never reset the segment cursor: upstream's `beforeBrush` (which calls reset() to clear _off/notClear when the layer is not content-retained) is not overridden because ZRenderKit's Displayable.beforeBrush is `public` not `open`, so once an incremental pipeline is wired a large-lines path would resume mid-buffer and drop earlier segments.	"buildPath, findDataIndex (including upstream's fixed-first-vertex chord quirk for polylines), contain, the (minX,minY,maxX,maxY)-as-(x,y,w,h) bounding-rect quirk, updateData/_create/_setCommon/_clear and the `dataIndex > 0` tooltip quirk are all faithful. STALE-MARKER: Sources/EChartsKit/chart/helper/LargeLineDraw.swift:47-49 says ""Wiring LargeLineDraw into LinesView is a separate follow-up (LinesView currently keeps only PORT-NOTE deferrals for large mode)"" — LinesView.swift:197-257 in fact constructs and drives LargeLineDraw for the large branch, so the comment is false. The added `i + 1 < points.count` guard in getBoundingRect is a deliberate, documented anti-trap deviation (upstream would produce a NaN rect)."
B	Sources/EChartsKit/chart/lines/LinesSeries.swift	echarts/src/chart/lines/LinesSeries.ts	parity	minor	97	low	0	0	1			"Lines tooltip prints a stray ""-"" value row for coord-only data items: upstream sets noValue via `isNaN(value)`, which is true for the array/object raw value returned by getRawValue for `data: [[[x,y],[x,y]], ...]` or `{coords: [...]}` items; the Swift check only treats nil/NSNull/NaN-Double as no-value, so a non-numeric raw value falls through to makeValueReadable and renders as ""-"" instead of being omitted."	"compatEc2, init/mergeOption flat-coords handling, appendData concat, _getCoordsFromItemModel, getLineCoords(Count), _processFlatCoordsArray (including the offsetCursor prefix view), getInitialData, preventIncremental, getProgressive(Threshold), getZLevelKey and defaultOption are all faithful; the ContiguousArray typed-array mapping and inout `out` fill are sanctioned idioms. The `""large"" IS wired end-to-end` comment at line 569-572 checks out (linesLayout + LinesView + LargeLineDraw). Only the formatTooltip noValue coercion diverges."
B	Sources/EChartsKit/chart/lines/linesVisual.swift	echarts/src/chart/lines/linesVisual.ts	parity	parity	100	none	0	0	0				normalize (scalar -> [a,a]), the four series-level setVisual calls, the per-item dataEach with JS-truthy guards, and the `data.hasItemOption ? dataEach : null` return all match. isTruthy correctly models JS falsiness including Int-boxed zeros.
B	Sources/EChartsKit/chart/pie/labelLayout.swift	echarts/src/chart/pie/labelLayout.ts	parity	parity	100	none	0	0	0				avoidOverlap/adjustSingleSide/recalculateX (ellipse rB derivation, top/bottom semis)/constrainTextWidth (break-overflow branch, forceRecalculate null-width branch)/the linePoints rewrite loop and the whole pieLabelLayout body — including the rotate cascade with JS operator precedence for 'tangential-noflip', the `hasLabelRotate` last-item-wins quirk, select-state x/y accumulation and the labelLine limitTurnAngle/limitSurfaceAngle + anchor stamp — all match. computeLabelGlobalRect correctly delegates to labelLayoutHelper with the baked minMarginForce [nil,0,nil,0] / marginDefault [1,0,1,0]. The setShape read-modify-write PORT-NOTE (preserving `smooth`) is a genuine, correct fix. Only nuance: `avoidLabelOverlap` is tested as `!= false` rather than JS-truthy, which differs only if the option were absent from defaults (pie defaults it to true).
B	Sources/EChartsKit/chart/treemap/treemapAction.swift	echarts/src/chart/treemap/treemapAction.ts	parity	minor	95	low	0	0	1			"treemapRootToNode never communicates roll-up vs drill-down: `payload.other[""direction""]` is written on a value-type Payload copy inside the handler, so the flag never reaches the render pass; upstream reads it back as reRoot.direction both for the zoom animation and for choosing the element's starting rect (TreemapView.ts:1090), so drill-down/roll-up will animate/position identically once TreemapView._doAnimation is ported."	The three noop action registrations (with update:'updateView') and the rootToNode handler are faithful, and the query resolution now goes through model.makeQueryConditionKindA + ecModel.eachComponent (handles numeric/array seriesId forms) instead of a hand-rolled compare — an improvement over a naive port. resetViewRoot(targetInfo.node) is called correctly, so re-rooting itself works. The PORT-TODO at lines 92-101 is accurate (not stale) and TreemapView.swift:228-239 confirms the consumer is deferred.
B	Sources/EChartsKit/chart/treemap/treemapVisual.swift	echarts/src/chart/treemap/treemapVisual.ts	parity	minor	95	low	0	0	2			Integer-typed color modifiers are silently dropped: calculateColor reads colorAlpha/colorSaturation and travelTree reads borderColorSaturation with a bare `as? Double`, so an option written as an Int (e.g. colorSaturation: 1) is ignored and neither modifyHSL nor modifyAlpha runs — the documented Int-vs-Double option-read trap (the file even defines treemapVisualAsDouble but only uses it for visualMin/visualMax). ||| Non-upstream palette fallback can color children differently from ECharts: buildVisualMapping invents a `rangeVisual = {name:'color', range: ecModel.color}` whenever no color range is configured, a branch with no counterpart in treemapVisual.ts; it papers over TreemapSeries.setDefault capturing the palette before the global default merge, so any case where upstream would leave children uncolored (inheriting the parent visual) instead gets palette-distributed colors.	travelTree/buildVisuals/calculateColor/calculateBorderColor/getValueVisualDefine/getRangeVisual/mapVisual and the category-vs-linear mapping construction are otherwise faithful, including the designatedVisualItemStyle reference-aliasing (NSMutableDictionary) that upstream relies on and the NSNull-vs-nil guard in buildVisuals (a genuine, correctly-reasoned fix). The read-modify-write of ensureUniqueItemVisual('style') is behaviourally equivalent since each node owns its dataIndex.
B	Sources/EChartsKit/component/brush/BrushView.swift	echarts/src/component/brush/BrushView.ts	parity	parity	100	none	0	0	0				render/updateTransform/updateVisual/updateView/_updateController/dispose/_onBrush all match, including the `payload.$from !== brushModel.id` drawing guard and the brush vs brushEnd dispatch split (zrUtil.clone(areas) is covered by Swift value semantics). Two documented, behaviour-preserving deviations: (a) the BrushController is created lazily (_ensureController) because api.getZr() is nil during the first init in this host-independent driver — idempotent, and covers only exist after a drag; (b) an extra applyTakeGlobalCursor call in _updateController compensating this driver's stage order (idempotent with brushVisual). updateTransform correctly overrides the base 4-param ComponentModel signature, avoiding the protocol/override witness trap.
B	Sources/EChartsKit/component/graphic/GraphicModel.swift	echarts/src/component/graphic/GraphicModel.ts	parity	parity	100	none	0	0	0				setKeyInfoToNewElOption, isSetLoc, mergeNewElOptionToExist ($action merge/replace/remove + merge/mergeLayoutParam(ignoreSize)/copyLayoutParams/clipPath copy), copyTransitionInfo (correct TRANSITION vs ROOT_TRANSITION prop-set split for the nested vs root call), setLayoutInfoToExist, mergeOption's elements stash/restore, optionUpdated's mappingToExists loop, _flatten and useElOptionsToUpdate all match. The reference-class element bag plus the GRAPHIC_EL_KEY smuggling through ComponentOption.rawOption faithfully reproduces upstream's identity flow, and existList is pre-grown with holes preserved (map, not compactMap) so index alignment with mappingResult is correct.
B	Sources/EChartsKit/component/helper/MapDraw.swift	echarts/src/component/helper/MapDraw.ts	parity	major	88	high	0	0	4			"Map-series regions with no matching data item lose all styling, labels and hover: _buildGeoJSON sets regionModel = nil when indexOfName returns -1, so applyOptionStyleForRegion resolves empty normal/emphasis/select/blur styles (region falls back to the Path default fill instead of series itemStyle.areaColor/borderColor), resetLabelForRegion returns immediately (no region-name label, contradicting upstream's ""draw label when value is NaN"" rule) and resetStateTriggerForRegion bails before toggleHoverEmphasis. Upstream builds Model(undefined, seriesModel) via getItemModel(-1) and inherits the series-level itemStyle/label/emphasis. ||| Projected maps skip d3-style stream clipping/resampling: `projectionStream` is hard-coded nil because the ported GeoProjection protocol has no `stream` member, so polygon/polyline rings are only point-projected and the ported projectPolys is dead — geographic projections that need clipping (e.g. spherical/antimeridian handling) draw incorrect region outlines. ||| SVG-map regions still get the default emphasis z2 lift on hover: `el as? ECElement` never succeeds (nothing conforms to the ECElement protocol), so z2EmphasisLift = 0, highDownSilentOnTouch and disableLabelAnimation are all silent no-ops — hovering an SVG region can raise it above sibling elements, which upstream explicitly prevents. ||| Per-state label formatters are ignored on geo-component regions: SetLabelStyleOpt.labelDataIndex is numeric-only, so a name-keyed query is not representable and the region label is resolved eagerly for the normal state only — an emphasis/select/blur `label.formatter` has no effect."	"STALE-MARKER: Sources/EChartsKit/component/helper/MapDraw.swift:377-384 justifies the nil regionModel with ""here getItemModel(-1) would trap"" — that is no longer true: dataProvider.swift:446-457 (getItemSimply) bounds-checks and returns NSNull() for a negative/out-of-range index, so getItemModel(-1) now yields exactly upstream's Model over an undefined item (MapSeries.getRegionModel already relies on this). The defensive nil is therefore an avoidable behaviour gap, not a necessity. Everything else in the file — draw()'s clip/roam/transform sequence, _buildSVG (named-item loop, dispatcher map, focusSelf), _enableBlurEntireSVG (including the correct read of upstream's throwaway-{} quirk), remove/findHighDownDispatchers/_useSVG/_freeSVG/resetForLabelLayout/_updateMapSelectHandler, and the four region helpers — tracks upstream closely; the weak captures and the mapDrawSetStyleForRegion merge are faithful equivalents of setStyle."
B	Sources/EChartsKit/component/helper/mapDrawSVGTags.swift	echarts/src/component/helper/MapDraw.ts	parity	parity	100	none	0	0	0				Ports only the three SVG tag classifier sets from MapDraw.ts (OPTION_STYLE_ENABLED_TAGS / STATE_TRIGGER_TAG_MAP / LABEL_HOST_MAP); the tag lists and the +['g'] unions are exact. DEAD CODE: MapDraw.swift:81-86 now re-declares the same three sets as file-private constants and nothing in Sources/ or Tests/ references OPTION_STYLE_ENABLED_SVG_TAGS / STATE_TRIGGER_SVG_TAGS / LABEL_HOST_SVG_TAGS, so this file is an unused duplicate — a divergence risk if one copy is edited, and a candidate for deletion (or for MapDraw to import instead of re-declaring).
B	Sources/EChartsKit/component/helper/roamHelperGeo.swift	echarts/src/component/helper/roamHelper.ts (geo/map slice)	parity	minor	93	low	0	0	2			"updateGeoRoamControllerSimply ignores upstream's roamTypeDefault=false (MapDraw.ts:231): it calls controller.enable(model.get(""roam"")) and RoamController.enable(nil) defaults controlType to true, so a geo/map with no `roam` option becomes pannable/zoomable through this helper (not user-visible today only because EChartsView._setupGeoRoam pre-filters on a truthy roam; MapDraw.swift's call site does not) ||| upstream's extraOnRoam('pan'|'zoom') runs BEFORE api.dispatchAction; the port's onDispatched seam runs AFTER, so MapDraw's _mouseDownFlag reset lands one step later than upstream (a click immediately following a roam can still be treated as a drag)"	Only edit since 2026-07-17 is commit 3b913ee, which ADDED the clipRect -> RoamOption.isInClip wiring (roamHelper.ts:85-87). No regression; the edit is a fidelity improvement. STALE-MARKER (adjacent file, drives this one): Sources/EChartsKit/component/helper/MapDraw.swift:55 claims the helper 'already bakes in ... the `false`/`true` roam-type-default/zoomOnMouseWheel tail args' — the roamTypeDefault=false is NOT implemented (see newGaps). Documented, accepted adaptations (not counted as gaps): a port-local GeoRoamState side store replaces View sync-back-to-model, the action registers update:'update' instead of 'none', and hosts are resolved by an explicit geo/map iteration instead of makeQueryConditionKindA.
B	Sources/EChartsKit/component/helper/roamHelperViewGroup.swift	echarts/src/component/helper/roamHelper.ts (view-group slice)	parity	minor	88	medium	0	0	2			registerViewGroupRoamAction accumulates state.zoom *= f with no clampByZoomLimit (View.swift:686), so `scaleLimit: {min,max}` on tree/treemap/sankey is silently ignored — the user can wheel-zoom past the configured limits (the geo slice does clamp, via viewCoordSysApplyRoamPayloadSyncBack) ||| treemap roam is applied as a container-group transform only; upstream's rootRect relayout (treemapMove/treemapRender) is not ported, so zooming a treemap scales borders/labels instead of re-laying out the tiles	Only edit since 2026-07-17 is commit 8b321fa, which ADDED createViewCoordSysSimply (roamHelper.ts:186-212) + viewGroupParseScaleLimit; TreeView.swift:476 now calls it, so this is a genuine new capability, not a regression. No stale markers found — the DEFERRED notes at lines 31/51/150 all correctly describe still-missing behavior (views not on coord/View, rootRect relayout, DRAG_THRESHOLD).
B	Sources/EChartsKit/component/tooltip/TooltipModel.swift	echarts/src/component/tooltip/TooltipModel.ts	parity	parity	100	none	0	0	0				defaultOption compared key-by-key against TooltipModel.ts:93-186 — identical (z/show/showContent/trigger/triggerOn/alwaysShowContent/renderMode/confine/showDelay/hideDelay/transitionDuration/displayTransition/enterable/backgroundColor/shadow*/borderRadius/borderWidth/defaultBorderColor/padding/extraCssText/axisPointer{type,axis,animation,animationDurationUpdate,animationEasingUpdate,crossStyle}/textStyle), plus type='tooltip' and dependencies=['axisPointer']. Post-audit edits (007552e, 1f54052) only upgraded TopLevelFormatterParams from `Any` to a tagged enum (.single/.multiple + a .component arm standing in for upstream's `as any` component-item params) — a fidelity improvement, no behavior lost.
B	Sources/EChartsKit/component/tooltip/TooltipRichContent.swift	echarts/src/component/tooltip/TooltipRichContent.ts	parity	parity	100	none	0	0	0				Function-by-function match with TooltipRichContent.ts (ctor/update/show/setContent/setEnterable/getSize/moveTo/_moveIfResized/hide/hideLater/isShow/dispose + mathMaxWith0/calcShadowOuterSize/makeStyleCoord). The 507c152 edit only (a) nils _hideTimeout inside the fired work item and (b) cancels the pending timer + clears _show in dispose() — both are Swift-lifetime hardening with no upstream behavior change (upstream's TooltipView.dispose nulls the whole content object). The previously-inaccurate PORT-NOTE claiming the hideLater path was 'not exercised' was corrected in the same commit; the path is live via TooltipView.hide() -> hideLater(hideDelay). richTextStylesToParts (the rich-style bag -> TextStylePropsPart bridge) carries fontSize/fill/fontWeight/fontStyle/fontFamily/padding/align/verticalAlign/width/height/lineHeight/borderRadius/backgroundColor — the keys tooltipMarkup/getTooltipMarker actually emit.
B	Sources/EChartsKit/core/EChartsView.swift	echarts/src/core/echarts.ts (bindMouseEvent/_initEvents host-binding subset)	parity	minor	85	medium	0	0	5			"_handleClick builds the select payload with payload.other[""dataIndex""] = ecData.dataIndex, but ecData.dataIndex is the INSIDE index while modelUtil.queryDataIndex treats a `dataIndex` key as a RAW index (indexOfRawIndex); upstream sends `dataIndexInside` (echarts.ts:2350). With a dataZoom/filter active a click selects the wrong datum ||| _handleClick omits upstream's `dataType` (echarts.ts:2349), so clicking a graph/sankey EDGE selects the node at the same index instead of the edge ||| _handleClick omits upstream's `isFromClick: true` (echarts.ts:2353), so SelectChangedEvent.isFromClick is never true and the legacy 'pieselectchanged'/'mapselectchanged' branch in dataSelectAction.handleLegacySelectEvents can never be taken ||| globalout (pointer leaves the canvas) is not wired to the leave-emphasis/allLeaveBlur reset, so the last hovered element stays highlighted after the pointer exits the chart (EChartsView.swift:591) ||| the axisPointer crosshair is built only for cartesian Axis2D axes (EChartsView.swift:1230), so polar/single-axis charts show no crosshair even with tooltip trigger:'axis'"	No 1:1 upstream file (port-invented host binding); graded against echarts.ts bindMouseEvent/_initEvents fragments to stay comparable with the 2026-07-17 grade. The post-audit edits (b8cbee8/1f54052/7ea8bca/6a59bf7/b18c32a) all IMPROVED fidelity: _showTooltipForHover now delegates the whole findEventDispatcher det to TooltipView._tryShow instead of re-rolling it, showTip with dataByCoordSys funnels through _tryShow, and item-path showTip/hideTip are observed off the action bus. STALE-MARKERs (all say the public event bus is deferred, while line 587 calls ec._initZrEvents(zr), which IS the full MOUSE_EVENT_NAMES + ECElementEvent param assembly, ECharts.swift:3018): EChartsView.swift:29 ('the full event-param assembly + the public ECharts event bus remain DEFERRED'), :558 ('PORT-NOTE (deferred): full param assembly + event bus'), :1392 ('the bus is deferred, so this is a no-op').
B	Sources/EChartsKit/data/helper/sourceHelper.swift	echarts/src/data/helper/sourceHelper.ts	parity	parity	99	none	0	0	0				All upstream exports present and faithful: BE_ORDINAL, resetSourceDefaulter, makeSeriesEncodeForAxisCoordSys, makeSeriesEncodeForNameBased, querySeriesUpstreamDatasetModel, queryDatasetUpstreamDatasetModels, guessOrdinal, doGuessOrdinal. The only post-audit edit (140568f) widened DatasetModel.option to { get set } so disableTransformOptionMerge can write the primitive tag back through the value-type option bag — a fix, not a regression. STALE-MARKER: sourceHelper.swift:33 still says the DatasetModel import is 'NOT ported yet (component layer). Forward-reference placeholder protocol below' while the block 5 lines down correctly records that DatasetModelImpl (component/dataset/datasetInstall.swift) is ported and conforms. Non-blocking deviation: innerGlobalModel is a strong [ObjectIdentifier: bag] map rather than a WeakMap, so one small per-GlobalModel bag is never released (no GlobalModel is retained, and resetSourceDefaulter re-seeds datasetMap, so no stale-key correctness issue).
B	Sources/EChartsKit/data/helper/transform.swift	echarts/src/data/helper/transform.ts	parity	parity	100	none	0	0	0				ExternalSource (all 9 per-instance overrides + convertValue), createExternalSource, getRawData, cloneRawData, getDimensionInfo, cloneAllDimensionInfo, registerExternalTransform, applyDataTransform, applySingleDataTransform, isSupportedSourceFormat all present and behaviorally matched, including the upstream 'not supported' throwing defaults for non-built-in transforms. The single post-audit edit (b2bd4ea) made ExternalDataTransform.transform `throws` and added `try` at the one call site; applySingleDataTransform/applyDataTransform are already `throws`, so the error propagates instead of being swallowed — a fidelity improvement (upstream transforms can throw).
B	Sources/EChartsKit/legacy/dataSelectAction.swift	echarts/src/legacy/dataSelectAction.ts	parity	parity	95	low	0	0	1			the legacy pre-v5 events (pieselectchanged/pieselected/pieunselected, and their map* names) still never fire at runtime: this file's handler is wired and runs, but the SelectChangedEvent it rebuilds always has an empty `selected` array because refineEvent/makeSelectChangedEvent is unported (actionRegister.swift:52, ECharts.swift:2731), so the inner match loop never hits. The fix belongs to the refineEvent row, not to this file	File itself is a faithful line-for-line port of createLegacyDataSelectAction / handleSeriesLegacySelectEvents / handleLegacySelectEvents, including upstream's hardcoded subType:'pie' quirk and the pre-extend evaluation order of getSeriesIndices. Post-audit edit b53b1f7 only rewrote the PORT-NOTE after wiring the two real call sites (pie + map) into ECharts.installOnce(), so createLegacyDataSelectAction no longer has zero callers — the pieSelect/pieUnSelect/pieToggleSelect/mapSelect/... action names ARE registered now. Verified by grep that makeSelectChangedEvent/refineEvent are still absent from Sources/, so the PORT-NOTE at lines 208-219 is accurate (not stale).
B	Sources/EChartsKit/model/mixin/dataFormat.swift	echarts/src/model/mixin/dataFormat.ts	parity	parity	99	none	0	0	0				getDataParams / getFormattedLabel / getRawValue / formatTooltip + normalizeTooltipFormatResult all match upstream statement-for-statement (including the DIMENSION_LABEL_REG '{@[3]}'/'{@product}' replacement, the '[]' => 0 coercion, and the extendParams.interpolatedValue overrides). The post-audit edit (9533ea9) only refined the protocol to `DataFormatMixin: DataHost, AnyObject, LabelFetcher` so models satisfy labelStyle's LabelFetcher requirement nominally; the extension's getFormattedLabel signature is byte-identical to the requirement, so it witnesses correctly and no dispatch is lost. The documented protocol-witness trap is still correctly avoided (seriesIndex is read via `(self as? SeriesModel)?.seriesIndex` rather than a same-name optional protocol-extension member), and getFormattedLabel still routes through the SeriesModel class method so pie/funnel/sankey getDataParams overrides are reached. Remaining type-contract limitation (unchanged, not a regression): a function formatter is recognized only if it casts to exactly `(CallbackDataParams) -> String`.
B	Sources/EChartsKit/util/decal.swift	echarts/src/util/decal.ts	parity	parity	97	none	0	0	0				createOrUpdatePatternFromDecal, the cacheKey + LRU-equivalent tile cache, getPatternSize (LCM math + maxTileWidth/Height clamp), brushDecal's y/x double loop and symbol placement, normalizeSymbolArray, normalizeDashArrayX/Y, getLineBlockLengthX/Y and the defaults()/backgroundColor==='none' handling all match upstream. Post-audit edit 0dbec3c only made setPatternSource fail-soft (returns nil instead of caching an empty image URI when ImageIO rasterization fails) and fixed a double-wrap of the cached ImageSource — both strict improvements. Accepted, documented deviations: no SVG arm (svg painter not ported repo-wide) and no identity-keyed decalMap/dirty flag (the value cacheKey subsumes it).
B	Sources/EChartsKit/util/innerStore.swift	echarts/src/util/innerStore.ts	parity	parity	100	none	0	0	0				ECData field set matches upstream one-for-one (dataIndex/dataModel/eventData/seriesIndex/dataType/focus/blurScope/ssrType/componentMainType/componentIndex/componentHighDownName/tooltipConfig) and setCommonECData reproduces the group traverse. Two post-audit edits, both additive: a1df12e made ECData.dataModel `weak` to break the element->ECData->markerModel->SeriesData->_graphicEls cycle (models are owned by GlobalModel, so no useful lifetime is shortened, and readers fall back to ecModel.getSeriesByIndex), and 7ea8bca added a NON-upstream ECElementProps side store carrying ECElement.tooltipDisabled (upstream declaration-merges that onto zrender Element; Swift cannot). The addition is correctly documented as having no upstream line to diff against.
B	Sources/EChartsKit/util/symbol.swift	echarts/src/util/symbol.ts	parity	minor	97	low	0	0	1			normalizeSymbolSize unconditionally reads arr[1] after casting an array input, so a 1-element `symbolSize: [10]` traps with index-out-of-range where upstream yields [10, 0]; normalizeSymbolOffset has the same trap via retrieve2(offset[1], offset[0]) on a 1-element symbolOffset	Behavior is at parity: Triangle/Diamond/Pin/Arrow buildPath, symbolCtors, symbolShapeMakers, symbolBuildProxies, SymbolClz (calculateTextPosition pin/inside special case + buildPath with the rect fallback), symbolPathSetColor and createSymbol all match upstream, and the image:// and path:// branches ARE fully implemented (ZRenderKit.makeImage/makePath with ECSymbol conformances on ZRImage/SVGPath). Post-audit edit feea25b only widened textConfigPositionOpt so a `position: ['50%', '50%']` array reaches parsePercent instead of being dropped — a fix. STALE-MARKERs: symbol.swift:39-40 says 'the image:// / path:// branches ... are deferred', symbol.swift:420 says 'the image:// / path:// conformers are deferred', and symbol.swift:683 labels makeFallbackSymbol 'Fallback builder for the deferred image:// / path:// branches' — all three contradict createSymbol (lines 642-659) and the conformances at lines 449-480. makeFallbackSymbol is now dead code with zero callers, yet Sources/EChartsDemoCore/Demos/official-pictorialBar-*.swift comments still claim path:// symbols 'fall through to makeFallbackSymbol (every picture would draw as a plain RECT)' — that claim is false today.
B	Sources/EChartsKit/util/types.swift	echarts/src/util/types.ts	parity	parity	100	none	0	0	0				Re-verified mechanically: all 216 `export type|interface|const|function|class|enum` names in upstream util/types.ts resolve in the Swift file (0 missing). Five fix-campaign edits since 2026-07-17, all additive and faithful: (1) CallbackDataParams gained treePathInfo/treeAncestors/collapsed (upstream TreeSeriesCallbackDataParams/TreemapSeriesCallbackDataParams/SunburstDataParams intersection types, which a Swift struct cannot gain via extension) and axisDim/axisIndex/axisType/axisId/axisValue/axisValueLabel (upstream TooltipCallbackDataParams) — all defaulted nil so existing memberwise-init call sites are unchanged; (2) TooltipFormatterCallback tightened from `(T,String,((String,Any)->Void)?)->Any` to `(T,String,TooltipFormatterAsyncCallback)->String`, plus the new nominal callable struct TooltipFormatterAsyncCallback (needed because a function-typed *parameter* is non-escaping in Swift, so a user formatter could not store the async callback); (3) StageHandlerPlan return became `StageHandlerPlanReturn?` — this is a fidelity FIX, upstream TaskPlanCallbackReturn = 'reset'|false|null|undefined while the Swift enum has only `.reset`, so the falsy half must live in the Optional layer; (4) a PORT-NOTE pinning the `position` callback spelling; (5) the ECElement augmentation-strategy note. NO STALE MARKERS: I cross-checked the two load-bearing comment claims against the code they describe — the TooltipFormatterCallback note claims TooltipView._callFunctionFormatter also accepts the 1-arg `(Params)->String` spelling, and TooltipView.swift:1241-1280 does cast to both arities on all three params arms; the ECElement note claims the live props are split between states.HighDownInner and innerStore.ECElementProps, and both stores exist. The declaration-only ECElement protocol still lists all 12 upstream members verbatim. Type-declaration file — no behavior to break.
B	Sources/EChartsKit/view/ComponentView.swift	echarts/src/view/Component.ts	parity	parity	100	none	0	0	0				Function-by-function parity with Component.ts: group/uid/__model/__alive/__id, init/render/dispose/updateView/updateLayout/updateVisual/toggleBlurSeries/eachRendered, plus the declaration-merged optional hooks (updateTransform, filterForExposedEvent, findHighDownDispatchers, focusBlurEnabled) and the enableClassManagement surface (registerClass/getClass via a static ClassManager). The only edit since 2026-07-17 is a comment: updateTransform's `Bool?` is now documented as TRI-STATE (nil = no hook -> caller dirties + full render, false = hook handled it in place, true = upstream {update:true}). I VERIFIED this against the code rather than the comment: echarts.swift:1682/1686 use `if cv.updateTransform(...) != false { needRender = true }`, which reproduces echarts.ts:1962-1972 exactly (no-hook -> componentDirtyList.push; result && result.update -> push). No stale markers; no behavior change from the edit.
B	Sources/NativePainter/CALayerPainter.swift		parity	no-upstream	100	none	0	0	0				No upstream counterpart — the file header states outright it is NOT a translation of zrender's CanvasPainter/Layer but a hand-written Core Graphics / Core Animation backend behind the renderer seam (CONVENTIONS §9). (The 2026-07-17 audit recorded this as parity/100 with an empty `ts`; grading it no-upstream here is a classification difference, not a regression.) Regression check of the fix-campaign edits: `asCGImage` was widened from private to internal (so NativePlatformAPI/CGRenderer share the CFTypeID-based Any->CGImage dispatch), `resolveCGImage` now routes a `.url` image source through `platformApi.loadImage(s, {}, {})` with a `?? loadCGImage(s)` fallback, and `init` calls `installNativePlatformAPI()` alongside the existing `installSVGPatternRasterizer()`. Both changes are behavior-preserving: loadCGImage is the same ImageIO decode the seam is backed by, it is NSCache-memoized so the per-frame call is not a new decode cost, and the explicit fallback keeps the headless `renderToImage` snapshot path working before any painter has been constructed. The updated 'remote URL still deferred' PORT-NOTEs are ACCURATE, not stale — loadCGImage handles only data: URIs and file paths (an http string falls into `Data(contentsOf: URL(fileURLWithPath:))` and fails).
B	Sources/NativePainter/CGRenderer.swift		parity	no-upstream	100	none	0	0	0				No upstream counterpart — hand-written CoreGraphics/CoreText paint-op backend for the `Renderer` seam, explicitly 'NOT a translation of zrender's CanvasPainter' per its header. (Prev audit recorded parity/100 with empty `ts`; no-upstream is the classification, not a regression.) Two edits since 2026-07-17, both correct: (1) `resolvePatternImage` was switched from `loadCGImage(pattern.image)` to a switch over the new `ImageSource` enum, so a Pattern carrying an ALREADY-DECODED native image (`.image`) now resolves instead of being dropped — a real improvement, previously only the string arm worked; (2) the `.url` arm now goes through `platformApi.loadImage` with a `?? loadCGImage(s)` fallback, functionally identical since the installed seam calls loadCGImage. The stale PORT-NOTE claiming 'the decoded ImageLike arm is the deferred seam' was correctly removed when the code that made it stale landed. loadCGImage's decode cache is intact.
B	Sources/NativePainter/NativePlatformAPI.swift		parity	no-upstream	100	low	0	0	1			Remote (http/https) image sources still never render: platformApi.loadImage decodes only data: URIs and local file paths synchronously, so a ZRImage/Pattern/graphic element pointing at a network URL silently draws nothing — the async loadImage -> onload -> __image dispatch (zrender graphic/helper/image.ts createOrUpdateImage/imageOnLoad/isImageReady + globalImageCache LRU) is unported.	NEW file (added by the fix campaign, commit 8d4808c) — native glue with no 1:1 upstream file; it installs a PartialPlatformAPI(loadImage:) override onto ZRenderKit's already-ported platform.ts seam, which previously returned nil from DefaultPlatformAPI.loadImage. Verified: setPlatformAPI's per-key merge (platform.swift:240, MergedPlatformAPI) means createCanvas/measureText/getTime keep their existing implementations, and the `private let _installOnce: Void = {...}()` idiom makes installation genuinely idempotent and thread-safe. The synchronous onload()-then-return-handle shape is a faithful-enough native realization of upstream's `image.onload = onload; image.src = src`. The header's own 'deferred' PORT-NOTE is accurate (not a stale marker) — I recorded the remote-URL/async half as the one concrete behavior still missing; it is a half-done seam rather than something the edits broke.
B	Sources/RasterizerPainter/RasterizerPainter.swift		parity	no-upstream	100	none	0	0	0				No upstream counterpart — EXPERIMENTAL alternative painter over the vendored mindbrix/Rasterizer (Metal) engine, explicitly 'NOT a translation of anything upstream'. (Prev audit: parity/100 with empty `ts`.) Single edit since 2026-07-17: `makePatternPaint` switched from `loadCGImage(pat.image)` to a switch over the new `ImageSource` enum, adding the previously-unhandled already-decoded `.image` arm via the existing `Self.asCGImage`; behavior-preserving for the `.url` arm. Minor inconsistency worth knowing but not a fidelity gap: unlike CGRenderer/CALayerPainter this file still calls `loadCGImage` directly rather than `platformApi.loadImage` — functionally identical today because the installed seam is backed by loadCGImage, but a future custom platform loadImage would not be honored by this painter. The header's KNOWN GAPS list (shadows, blend modes, bevel join/miterLimit, clip chains >1, image-paint opacity) is pre-existing, accurate, and is a limitation of this experimental backend versus the CG painter — not an upstream migration gap, so not recorded as backlog.
B	Sources/ZRenderKit/Graphic/Helper/roundSector.swift	zrender/src/graphic/helper/roundSector.ts	parity	parity	100	none	0	0	0				Line-for-line parity re-confirmed against all 321 upstream lines: intersect, computeCornerTangents, normalizeCornerRadius (all 5 length cases incl. the empty-array early return), and buildPath's full branch tree (point / circle-annulus / sector, outer+inner corner rounding, the arc<PI intersection clamp, the merged-corner case, closePath). The load-bearing JS-semantics emulation is intact: local mathMin/mathMax propagate NaN (Swift's Swift.min/max do not), the corner variables are seeded Double.nan to stand in for upstream's `undefined`, and `mod = arc > PI2 ? arc % PI2 : 0` models JS's `false`-coerces-to-0. Only edit since 2026-07-17: `CornerRadius` gained `: Equatable` so Element.anyStrictEqual can filter an UNCHANGED corner radius out of an animateTo prop bag. That is a safe, correctly-documented deviation (JS `===` on two equal arrays is false, so upstream would allocate a no-op animator that re-sets the same value — same rendered result). `zrTruthy` still correctly models `if (cornerRadius)` (number 0/NaN falsy, any array incl. empty truthy). No stale markers.
B	Sources/ZRenderKit/Graphic/Shape/Polyline.swift	zrender/src/graphic/shape/Polyline.ts	parity	parity	100	none	0	0	0				Parity with the 44-line upstream: PolylineShape (points/percent/smooth/smoothConstraint with upstream defaults), getDefaultStyle {stroke:'#000', fill:null}, getDefaultShape, buildPath -> poly.buildPath(ctx, shape, false), type='polyline'. Only edit since 2026-07-17 is the ADDITIVE `setBuildPathOverride(_:)` seam that lets EChartsKit's labelGuideHelper reproduce upstream's per-instance `labelLine.buildPath = buildLabelLinePath` (Swift methods aren't reassignable). Verified it actually works rather than trusting the comment: it writes `Path.__morphBuildPath`, and Path.swift:706/729/778 consult that hook in getUpdatedPathProxy/getCachedPathProxy/getBoundingRect in place of buildPath, so the custom leader-line geometry really does reach the renderer AND the bounding rect; labelGuideHelper.swift:832 installs it inside setLabelLineStyle, which runs on every update. Fragility (documented in-file, not a gap I am opening): `__morphBuildPath` is a single slot shared with the morph/clone/decal seams (morphPath.swift:411 nils it, morphPath.swift:464 / ToolPath.swift:648 / Path.swift:511 assign it), so a label-line Polyline that is morphed, cloned or decaled loses the override until the next setLabelLineStyle re-install — upstream's per-instance assignment has no such collision.
B	Sources/ZRenderKit/Graphic/Shape/Sector.swift	zrender/src/graphic/shape/Sector.ts	parity	parity	100	none	0	0	0				Parity with the 56-line upstream (SectorShape fields + defaults incl. endAngle = 2π and clockwise = true, getDefaultShape, buildPath -> roundSector.buildPath, isZeroArea, type='sector'; `open` rather than `final` so SunburstPiece can subclass as upstream does). Edit since 2026-07-17 REMOVES a real gap and the PORT-NOTE that documented it: `cornerRadius` is now exposed through BOTH animationGet and animationSet, with the non-Double case handled BEFORE the `guard let v = value as? Double` (otherwise the boxed union would be silently dropped — exactly the class of silent-no-op bug this repo keeps hitting). Verified the 'discrete jump, not tweened' claim against the animator rather than the comment: Animator.swift maps an unrecognized value type to VALUE_TYPE_UNKOWN and sets `discrete = true` (Animator.swift:452-456, 634), which uses the raw value un-parsed — matching upstream, which only assigns `state.shape.cornerRadius`. This is what makes per-state sunburst/pie `borderRadius` save-to-normal and restore-on-state-exit work. No stale markers.
B	Sources/ZRenderKit/Tool/parseSVG.swift	zrender/src/tool/parseSVG.ts	parity	parity	100	none	0	0	0				Full function inventory re-checked against upstream: SVGParser.parse/_parseNode/_parseText, parsePaintServerUnit, parseGradientColorStops, inheritStyle, parsePoints, parseAttributes, applyTextAlignment, getFillStrokeStyle, applyDefs, splitNumberSequence, parseTransformAttribute, parseInlineStyle, parseAttributeStyle, makeViewBoxTransform, parseSVG, parseXML — all present, and makeViewBoxTransform matches upstream's xMidYMid math term for term. Only edit since 2026-07-17 is the one-line `Pattern(dataURI, .repeat)` -> `Pattern(.url(dataURI), .repeat)` adaptation to ZRenderKit's new ImageSource enum — a pure type migration, no behavior change. Note the `<pattern>` support in _parsePattern is an ADDITION beyond upstream (upstream's 'pattern' nodeParser is commented out at parseSVG.ts:595), so its documented DEVIATIONs (patternUnits/objectBoundingBox not resolved, patternTransform ignored, nested url(#id) fills inside a tile not reflected) cannot be upstream gaps. No PORT-TODO markers anywhere in the file; no stale markers found.
C	Sources/EChartsKit/chart/candlestick/CandlestickSeries.swift	upstream/echarts/src/chart/candlestick/CandlestickSeries.ts	minor	parity	98	none	1	0	0	addOrdinal index-prepend now writes the indexed data to option.data, eagerly re-prepares the SourceManager, then RESTORES the original non-indexed data — no double-prepend on a later mergeOption			Verified SourceManager.prepareSource() is EAGER (calls _createSource() immediately when dirty, sourceManager.swift:142), so the Source captures a value copy of the index-prepended data before option.data is restored. That makes the value-semantics substitution behaviorally identical to upstream's dual-alias trick: upstream also leaves option.data holding un-indexed clones, so a re-prepare from option.data has the same outcome in both. The prior gap was a mis-grade, not a real defect.
C	Sources/EChartsKit/chart/candlestick/CandlestickView.swift	upstream/echarts/src/chart/candlestick/CandlestickView.ts	minor	minor	90	low	2	1	0	_incrementalRenderNormal now assigns el.incremental = model.getIncrementalId(seriesModel) (line 284); getIncrementalId is live in util/modelUtil.swift:1659 ||| eachRendered now walks _progressiveEls when present instead of always traversing the group (lines 124-134)	Large + progressive candlestick renders NOTHING incrementally: the createLarge(seriesModel, group, &progressiveEls, incremental) overload (line 516-525) is still a literal no-op, so _incrementalRenderLarge adds no elements for a large dataset streamed through the progressive pipeline		The NON-incremental large path is genuinely live (the 2-arg createLarge overload at line 528 calls candlestickCreateLarge, which builds the three sign-keyed LargeBoxPaths), so a plain large-mode candlestick draws correctly; only the progressive/streaming overload is stubbed. eachRendered's _progressiveEls branch does not recurse into children, but candlestick progressive elements are leaf Paths so this is equivalent.
C	Sources/EChartsKit/chart/chord/ChordEdge.swift	upstream/echarts/src/chart/chord/ChordEdge.ts	minor	parity	98	none	2	0	0	"saveOldStyle(el) + updateProps(el, [""shape"": shape], seriesModel, edgeIdx) are both wired on the non-firstCreate branch (lines 250-257) — ribbons now morph on data update instead of snapping ||| applyEdgeFill source/target branches now set edgeShape.pathStyle.decal from the node's 'style' visual (lines 311, 320)"			STALE-MARKER: Sources/EChartsKit/chart/chord/ChordEdge.swift:29 says the enter/update ribbon transition 'is DEFERRED by design', and :36-38 says 'this static-render view applies the target shape directly, so the enter/update transition is intentionally not wired' — but updateData (lines 249-257) calls saveOldStyle + updateProps exactly like upstream. Both header notes are wrong. Also verified upstream's extend(getSectorCornerRadius(...), layout) contributes nothing to buildPath (ChordPathShape has no cornerRadius field), so discarding the merge result is harmless.
C	Sources/EChartsKit/chart/chord/ChordSeries.swift	upstream/echarts/src/chart/chord/ChordSeries.ts	minor	parity	97	none	1	0	0	"beforeLink is fully implemented: edgeData.wrapMethod(""getItemModel"") re-wraps the item model into ChordEdgeLabelItemModel, which overrides resolveParentPath (label->edgeLabel redirect, chordResolveEdgeLabelPath at line 62) and overrides getModel to stamp the redirect onto each child (ChordEdgeLabelChildModel) — the exact newGetModel semantics"			Confirmed Model.getModel consults resolveParentPath on the parent-model lookup path (Model.swift:201, :301), so the subclass override is actually load-bearing; edge label option paths now resolve against series-level `edgeLabel`. SeriesData.wrapMethod exists (SeriesData.swift:1330).
C	Sources/EChartsKit/chart/chord/ChordView.swift	upstream/echarts/src/chart/chord/ChordView.ts	minor	parity	96	none	3	0	0	innerStore.getECData(el).dataIndex is tagged on both pieces (line 122) and edges (line 211), so hover/tooltip/highlight resolve the chord datum ||| first-render grow-in is wired: group.scaleX/Y = 0.01 + number.parsePercent center origin + initProps to 1 (lines 170-178) ||| removeElementWithFadeOut is called on the update-without-layout branch and both remove branches (lines 137, 158, 226) — removed nodes/edges fade out			STALE-MARKER: Sources/EChartsKit/chart/chord/ChordView.swift:91-100 says 'The diff + removeElementWithFadeOut + updateData reuse are DEFERRED (CONVENTIONS §5), so the group is rebuilt from scratch each render' — the code immediately below (lines 107-160) runs the full data.diff(oldData).add/update/remove.execute() with element reuse, exactly matching upstream. renderEdges (lines 186-230) likewise matches upstream verbatim.
C	Sources/EChartsKit/chart/funnel/FunnelSeries.swift	upstream/echarts/src/chart/funnel/FunnelSeries.ts	minor	parity	97	none	1	0	0	"_defaultLabelLine (lines 110-144) is a real implementation: model.defaultEmphasis(&host, ""labelLine"", [""show""]) then labelLine.show &&= label.show and emphasis.labelLine.show &&= emphasis.label.show, written back into self.option"			Correctly operates on the MERGED self.option bag rather than the pre-merge `option` parameter (the same distinction upstream gets for free by reference identity).
C	Sources/EChartsKit/chart/funnel/funnelLayout.swift	upstream/echarts/src/chart/funnel/funnelLayout.ts	minor	parity	98	none	1	0	0	getSortedIndices now has a live isFunction(sort) branch: `if let sortFn = sort as? (Int, Int) -> Int { indices.sort { ... } }` (lines 53-66), including an explicit stable-sort tiebreak to match JS Array.prototype.sort stability			The user-comparator type is fixed to (Int, Int) -> Int; a caller supplying any other closure shape falls through to the string branch, but that is the only sensible Swift surface for a JS comparator.
C	Sources/EChartsKit/chart/graph/forceHelper.swift	upstream/echarts/src/chart/graph/forceHelper.ts	minor	minor	95	none	0	1	0		Graph force-layout node positions are not pixel-identical to echarts.js: Math.random() initial scatter and the degenerate-overlap tiebreak are replaced by a deterministic golden-ratio/Weyl low-discrepancy sequence (forceHelper.swift:325-331), so a settled force graph is reproducible but lands at different coordinates than the reference implementation		This is a sanctioned repo-wide policy (the port bans Math.random/Date.now); the substitute is a well-spread [-0.5, 0.5) scatter, so layout QUALITY is preserved. Not worth migrating unless pixel-exact oracle comparison against echarts.js is required.
C	Sources/EChartsKit/chart/graph/graphHelper.swift	upstream/echarts/src/chart/graph/graphHelper.ts	minor	parity	98	none	1	0	0	getNodeGlobalScale now branches on `coordSys as? View` and calls a locally-inlined calcCompensationScaleToPreserveNodeSize (lines 42-80), so nodeScaleRatio / node-size compensation under roam zoom is applied instead of always returning 1			The `as? View` narrowing is correct in THIS port because Geo does NOT subclass View here (Geo.swift:130 declares `final class Geo: Transformable, CoordinateSystemMaster`), so the geo branch still falls through to 1 exactly as upstream's isViewCoordSys type check does. View.trans / VIEW_COORD_SYS_TRANS_OVERALL exist (View.swift:62, :131).
C	Sources/EChartsKit/chart/heatmap/HeatmapBlurLayer.swift	upstream/echarts/src/chart/heatmap/HeatmapLayer.ts	minor	minor	92	low	1	1	0	_getGradient no longer pre-scales the alpha channel: it stores clampU8(c[3]) directly (line 269), reproducing Uint8ClampedArray's 0/1 rounding, so update()'s `gradient[+3]*alpha*256` no longer overflows — the soft fade and minOpacity/maxOpacity ramp work again	Heat blob edge shape only approximates upstream: the canvas shadowBlur Gaussian brush is replaced by an analytic smootherstep falloff in _getBrush (flat alpha inside pointSize, smootherstep across blurSize), so blob silhouettes differ slightly from a canvas-rendered heatmap		The rest of update() faithfully reproduces the 8-bit quantization chain (clamp to UInt8, /256 not /255, floor(alpha*(GRADIENT_LEVELS-1))*4 index). The brush deviation is documented as sanctioned and is visually close.
C	Sources/EChartsKit/chart/heatmap/HeatmapView.swift	upstream/echarts/src/chart/heatmap/HeatmapView.ts	minor	minor	93	low	4	1	1	"_renderOnMatrix (line 269) and _renderOnCalendar (line 349) both call labelStyle.setLabelStyle — calendar/matrix heatmap cells now render per-cell value labels ||| matrix and calendar cell Rects now set z2 = 1 (lines 250, 329) ||| the incremental path sets rect.incremental = model.getIncrementalId(seriesModel, useIncremental ? true : nil) (lines 576, 639) and rect.ensureState(""emphasis"").hoverLayer = 2 (line 641) ||| the calendar path now builds cells from calendar.dataToLayout(...).contentRect ?? .rect (lines 305-306), honoring the cell-gap contentRect instead of dataToPoint±cellSize/2"	Progressive/incremental rendering of a CALENDAR or MATRIX heatmap draws nothing: _renderOnGridLike (line 415) guards `seriesModel.coordinateSystem as? Cartesian2D` and returns early otherwise, while upstream's incrementalRender routes calendar and matrix through the same function	Progressive/incremental rendering of a CALENDAR or MATRIX heatmap draws nothing (only the non-progressive render() path has the dedicated _renderOnCalendar/_renderOnMatrix implementations)	STALE-MARKER: HeatmapView.swift:50 says getIncrementalId 'rides the deferred progressive pipeline' but lines 576/639 use it live. STALE-MARKER (partial): HeatmapView.swift:406 says 'Only the CARTESIAN2D branch is ported (matrix/calendar deferred)' — accurate for that function, but misleading because matrix/calendar ARE ported as _renderOnMatrix/_renderOnCalendar on the render() path.
C	Sources/EChartsKit/chart/helper/ECLine.swift	upstream/echarts/src/chart/helper/Line.ts	minor	minor	93	low	2	1	0	setLabelStyle inheritColor now defaults to tokens.color.neutral99 (line 363) instead of '#000', so unstyled line labels inherit the correct off-white ||| curved-edge label placement now uses real pointAt/tangentAt: pointAtOf/tangentAtOf (lines 602-612) delegate to BezierCurve.pointAt/tangentAt for the curve case and the chord for the straight Line, matching upstream's line.pointAt(halfPercent)/tangentAt(halfPercent)	Mid-animation reposition is missing: upstream places the from/to symbols AND the label every frame in Element#beforeUpdate; the port computes them once in _positionEndsAndLabel and only re-runs symbol scale/position from the initProps `during` callback (_growEnds), so the LABEL does not travel with the growing line, and a parent-scale change during an animation is not compensated until the next build/update		__specifiedRotation IS ported (lines 110-117, 177, 214-216), so the markLine arrow rotation fix #12388 is preserved. beforeUpdate cannot be overridden because ZRenderKit declares it `public` not `open` — closing this gap needs a ZRenderKit signature change.
C	Sources/EChartsKit/chart/helper/LargeSymbolDraw.swift	upstream/echarts/src/chart/helper/LargeSymbolDraw.ts	minor	minor	90	low	0	2	0		incrementalUpdate (line 314) renders the whole range as one fresh LargeSymbolPath: upstream's merge-into-lastAdded branch (concat into a new Float32Array while oldPoints.length < 2e4, updating endIndex) is dropped, so a progressive large scatter creates one path per chunk instead of amortized merged paths — and symbolEl.incremental = incrementalId is never assigned, so the incremental layer cannot be preserved across chunks ||| the canvas afterBrush fillRect boost is replaced by a largeSymbolBoostRects painter hook (equivalent visual output, different mechanism); the _off/notClear progressive cursor and beforeBrush(reset) remain inert		Both remaining items are the same deferral: the Scheduler task graph that would call incrementalPrepareUpdate/incrementalUpdate in chunks is not driving this class, so the single-pass behavior is currently unobservable. Revisit together with the progressive pipeline (sub-project C2).
C	Sources/EChartsKit/chart/helper/LineDraw.swift	upstream/echarts/src/chart/helper/LineDraw.ts	minor	parity	96	low	1	0	1	incrementalPrepareUpdate (line 98), incrementalUpdate (line 105), eachRendered (line 143) and _progressiveEls (line 49) are all ported and match upstream statement-for-statement, including updateIncrementalAndHover setting el.incremental and emphasis.hoverLayer = 2		updateIncrementalAndHover omits upstream's `&& !isEffectObject(el)` guard (LineDraw.swift:116), so in progressive mode an EFFECT element (one carrying animators) would also be stamped with incremental/hoverLayer, which upstream deliberately skips	HOVER_LAYER_FOR_INCREMENTAL is inlined as the literal 2 rather than a named constant — value-correct. The isEffectObject omission only bites lines-series with effect:{show:true} rendered progressively.
C	Sources/EChartsKit/chart/helper/SymbolDraw.swift	upstream/echarts/src/chart/helper/SymbolDraw.ts	major	parity	95	low	2	0	0	incrementalPrepareUpdate (line 241), incrementalUpdate (line 248), eachRendered (line 284) and _progressiveEls (line 125) are all ported; incrementalUpdate matches upstream line-for-line (updateIncrementalAndHover, symbolNeedsDraw gate, setPosition, setItemGraphicEl, _progressiveEls.push) ||| normalizeUpdateOpt is unnecessary: the Swift API types `opt` as the SymbolDrawUpdateOpt struct, so the bare-isIgnore-function coercion upstream needs cannot arise			STALE-MARKER: Sources/EChartsKit/chart/helper/SymbolDraw.swift:24-27 says 'DEFERRED: LargeSymbolDraw ... and the incremental pipeline (incrementalPrepareUpdate/incrementalUpdate/eachRendered) — those wait on the Scheduler task graph', but all three are implemented at lines 240-297. Whether the Scheduler actually drives them is a separate cross-file question (progressive routing is deferred to sub-project C2).
C	Sources/EChartsKit/chart/helper/treeHelper.swift	upstream/echarts/src/chart/helper/treeHelper.ts	minor	parity	98	none	1	0	0	wrapTreePathInfo is ported verbatim (lines 117-139): walks node->parentNode collecting {name, dataIndex, seriesModel.getRawValue(dataIndex)} then reverses — treePathInfo is now available for tree/sunburst/treemap getDataParams tooltips			All four upstream exports (retrieveTargetInfo, getPathToRoot, aboveViewRoot, wrapTreePathInfo) are present. CallbackDataParams.treePathInfo is consumed downstream (util/types.swift:1149-1155, sunburst label-rotate demo).
C	Sources/EChartsKit/chart/line/LineSeries.swift	upstream/echarts/src/chart/line/LineSeries.ts	minor	minor	92	low	4	0	2	defaultOption now includes emphasis: { scale: true } (line 84) — line symbols scale on hover by default ||| defaultOption now includes label: { position: 'top' } (line 59) ||| defaultOption now includes universalTransition: { divideShape: 'clone' } (line 87) ||| getLegendIcon now handles symbolRotate / iconRotate:'inherit' and setOrigin([itemWidth/2, itemHeight/2]) (lines 135-154)		"getLegendIcon drops upstream's line.setStyle(opt.lineStyle) and symbol.setStyle(opt.itemStyle): the port hardcodes lineWidth 2 and only copies fill/stroke, so a series with lineStyle.type:'dashed' or a custom lineWidth/opacity renders a plain solid 2px legend swatch, and itemStyle borderColor/borderWidth/opacity are ignored on the legend symbol ||| empty-symbol fill uses the literal ""#fff"" instead of tokens.color.neutral00, so an emptyCircle legend icon will not follow a dark theme"	The color-resolution preamble (preferring opt.itemStyle.fill / opt.lineStyle.stroke over the data visual) is a deliberate and correct improvement — it keeps the icon visible for a legend-toggled-off series, which the naive upstream read would lose in this port.
C	Sources/EChartsKit/chart/lines/EffectLine.swift	upstream/echarts/src/chart/helper/EffectLine.ts	minor	minor	93	low	2	0	1	"the continuity-trail scaleY stretch for 'line'/'rect'/'roundRect' symbolTypes is implemented (lines 276-289), including the lastPos*1.05 and 2*dist(p1,pos) branches and the reset to symbolScaleY ||| symbol.setStyle(effectModel.getItemStyle(['color'])) is ported as applyEffectItemStyle(sym, effectModel.getItemStyle([""color""])) (line 111), so effect.itemStyle opacity/border reach the trail symbol"		The EffectLine/EffectPolyline Group wrapper is collapsed into a helper that adds the moving symbol straight to the view group, and LinesView REBUILDS the effect symbols from scratch on every render (LinesView.swift:337-350, 411-419) — so effect symbols get no element reuse or fade-out on a data update, unlike the lines themselves	EffectPolyline's arc-length walk is folded into the same helper via isPolyline + _updateAnimationPoints/_getLineLength equivalents, so both effect flavors work. The synthetic __t track is replaced by the animator's `percent` (mathematically identical, __t = percent * maxT).
C	Sources/EChartsKit/chart/map/MapSeries.swift	upstream/echarts/src/chart/map/MapSeries.ts	minor	minor	96	low	2	1	0	__ownRoamView() is a real implementation (line 370): `return mapSeriesNeedsDrawMap(self) ? (self.coordinateSystem as? Geo)?.view : nil`, matching upstream exactly ||| the recorded 'shared-geo center/zoom/scaleLimit live-view roam state' gap was mis-recorded: upstream MapSeries.ts has no setCenter/getCenter/getZoom/setZoom — its only roam surface is __ownRoamView, which is now present	MapSeriesModel does not declare the RoamHostModel conformance (util/types.swift:2424 requires `__ownRoamView: () -> View?`; the class returns `Any?` on a plain method), so a roam engine doing `as? RoamHostModel` cannot discover the map's geo View — map pan/zoom stays unreachable until the conformance is declared		Same pattern in GeoModel.swift:428, TreeSeries.swift:283, SankeySeries.swift:301, GraphSeries.swift:479 — this is a repo-wide roam-deferral, not a MapSeries-specific defect. All eight upstream methods (getInitialData, getHostGeoModel, getMapType, getRawValue, getRegionModel, formatTooltip, getLegendIcon, __ownRoamView) are present, plus an extra getTooltipPosition.
C	Sources/EChartsKit/chart/parallel/ParallelView.swift	upstream/echarts/src/chart/parallel/ParallelView.ts	major	parity	96	none	3	0	0	incrementalRender (lines 194-219) is fully implemented — addEl per index over [taskParams.start, taskParams.end), line.incremental = model.getIncrementalId(seriesModel), updateElCommon, _progressiveEls.append — so progressive/large parallel datasets do render ||| createGridClipShape (lines 230-262) is ported: a Rect collapsed to zero width (horizontal) or height (vertical) then initProps-grown back with the removeClipPath callback — the real clip-reveal entrance, not an opacity fade ||| render now runs the real data.diff(oldData).add/update/remove.execute() (lines 113-153) with element reuse, updateProps({shape:{points}}) morphing and saveOldStyle(line) on the update path			The only deviation is a defensive fallback in `update` (if the old graphic el is missing it falls back to an add) — strictly safer than upstream's unguarded cast. Whether the Scheduler actually drives incrementalRender for parallel is a separate cross-file question.
C	Sources/EChartsKit/chart/pie/PieSeries.swift	upstream/echarts/src/chart/pie/PieSeries.ts	minor	parity	98	none	1	0	0	"_defaultLabelLine (lines 182-215) is a real implementation invoked from init (line 97): model.defaultEmphasis(&host, ""labelLine"", [""show""]) then labelLine.show &&= label.show and emphasis.labelLine.show &&= emphasis.label.show — leader lines are now suppressed when label.show is false"			Correctly read-modify-writes through self.option (the merged bag) rather than the pre-merge init parameter.
C	Sources/EChartsKit/chart/sankey/sankeyInstall.swift	upstream/echarts/src/chart/sankey/install.ts	minor	parity	95	none	0	0	0				The file itself is comment-only (repo convention: install.ts registration lives in the driver). I verified every one of upstream install()'s five effects is actually wired: registerSeriesModel -> ComponentModel.registerClass(SankeySeriesModel.self) at ECharts.swift:826; sankeyLayoutStageHandler (sankeyLayout.swift:43) and sankeyVisualStageHandler (sankeyVisual.swift:43) exist and are run in render/update; SankeyView exists (SankeyView.swift:173); the dragNode action + registerRoamActionSimply are in installSankeyAction (sankeyAction.swift:37, :71), which IS called at ECharts.swift:1223. STALE-MARKER: ECharts.swift:824-825 says 'The `dragNode` action + roam are DEFERRED (roamHelper not ported)' while installSankeyAction(ECharts._registers) runs 400 lines later at :1223.
C	Sources/EChartsKit/chart/sankey/sankeyVisual.swift	upstream/echarts/src/chart/sankey/sankeyVisual.ts	minor	parity	96	none	1	0	0	sankeyMapValueToColor now reproduces linearMap's subDomain == 0 case: it returns t = 0.5 (mid-palette) instead of clamping to 0 (sankeyVisual.swift:148-150), so single-node / all-equal-value sankeys get the same fill VisualMapping would produce			Still a local stand-in rather than the (ported) visual/VisualMapping, but it now matches the one mapping sankey needs — normalize over dataExtent with clamp, then lerp across the palette. Everything else in sankeyVisual (min/max walk, customColor override, edge lineStyle visual) is verbatim.
C	Sources/EChartsKit/chart/themeRiver/ThemeRiverView.swift	upstream/echarts/src/chart/themeRiver/ThemeRiverView.ts	minor	minor	92	low	2	1	1	the keyed DataDiffer is wired (lines 136-145): DataDiffer over (_layersSeries ?? []) vs layersSeries with keyGetter = layer name, dispatching add/update/remove into a `process` closure exactly like upstream — layer add/remove and per-layer element reuse now work instead of a group.removeAll() rebuild ||| saveOldStyle(polygon) is called on the update/morph branch (line 246), preserving style transitions across a merge-mode setOption	The entrance animation is still a substitute: upstream sets a createGridClipShape clip Rect on each new band (x-10, width 0 -> rect.width+100, removed on completion) giving a left-to-right wipe; the port instead animates style.opacity 0 -> final via initProps (lines 205-219), so the river fades in rather than sweeping in	When a layer's time-sample COUNT changes between renders the band shape SNAPS instead of morphing (the 2D-array interpolator cannot pair rows of different length) — element identity is preserved so there is no flash, but the edge tween is lost for that update	The label + setTextConfig + setStatesStylesFromModel + toggleHoverEmphasis tail of upstream's `process` is present on both branches.
C	Sources/EChartsKit/component/axisPointer/AxisPointerView.swift	upstream/echarts/src/component/axisPointer/AxisPointerView.ts	minor	minor	65	medium	0	1	0		`triggerOn` is silently ignored for the axis pointer / axis tooltip: upstream's render computes triggerOn from axisPointer.triggerOn || tooltip.triggerOn || 'mousemove|click|mousewheel' and only dispatches updateAxisPointer when currTrigger is 'leave' or is contained in triggerOn. The relocated seam (EChartsView._bindAxisPointerListeners, EChartsView.swift:634-655) gates only on `_isAxisTrigger(ecModel)` and never reads triggerOn, so tooltip.triggerOn:'click' still shows the axis pointer on mousemove and tooltip.triggerOn:'none' cannot disable it at all		"The globalListener registration itself IS genuinely relocated and live (globalListener.register(""axisPointer"", zr, ...) at EChartsView.swift:635), and unregistration folds into dispose — those parts of the seam are fine. Grepping the whole of Sources/EChartsKit shows `triggerOn` is only read by TooltipModel's defaultOption and the unrelated parallel axisExpandTriggerOn, confirming no consumer anywhere. Raised to medium because triggerOn is a documented public option that currently does nothing."
C	Sources/EChartsKit/component/axisPointer/modelHelper.swift	upstream/echarts/src/component/axisPointer/modelHelper.ts	minor	parity	99	none	2	0	0	collectSeriesInfo now handles Polar in addition to Cartesian2D and Single — these are the ONLY three coord systems with axisPointerEnabled=true upstream (Grid.ts:115, Polar.ts:56, Single.ts:55), so trigger:'axis' tooltip seriesModels now populate for every axisPointer-capable coord sys ||| LinkGroup.mapper is stored here exactly as upstream does (modelHelper.ts:226) and IS now consumed: axisTrigger.swift:269 casts it to (Any?,[String:Any],[String:Any])->Any? and applies the mapped value, so cross-axis link value mapping works end-to-end			STALE-MARKER: Sources/EChartsKit/component/axisPointer/modelHelper.swift:46 says the link-group value mapping is 'PORT-NOTE (deferred)' but axisTrigger.swift:263-271 invokes the mapper and parses the result through the target axis scale. STALE-MARKER: modelHelper.swift:350 'PORT-NOTE (deferred): other coord systems still out of scope' — there are no other axisPointer-enabled coord systems upstream, so nothing is out of scope.
C	Sources/EChartsKit/component/calendar/CalendarView.swift	upstream/echarts/src/component/calendar/CalendarView.ts	minor	parity	96	none	4	0	1	_formatterLabel now invokes a function formatter (line 326-331: util.isFunction guard + cast to ([String:Any])->String) before falling back to params.nameMap ||| calendarCreateTextStyle (line 773-778) now delegates to labelStyle.createTextStyle, so year/month/day labels get the full rich-text / textBorder / shadow style set instead of text+font+fill only ||| calendarPathStyleFromDict (line 787-788) now bridges fill/stroke through the shared zrPaintFromStyleValue, so gradient and pattern itemStyle/lineStyle paints render ||| lineDash is mapped from the getLineStyle bag onto the split-line polyline (line 806-814), covering the 'dashed'/'dotted'/'solid' presets, number[] values and the `false` form — dashed splitLines no longer draw solid		A function-valued year/month/day label formatter is only invoked when it is exactly ([String:Any])->String; a differently-shaped Swift closure silently falls back to nameMap (type-erasure deviation, not a behavior regression vs the previous fallback)	"STALE-MARKER: CalendarView.swift:32-34 still says ""The file-private calendarCreateTextStyle below is a minimal local variant (text + font + fill only), retained pending a build-verified swap to labelStyle.createTextStyle"" — the swap has already happened (line 773-778 calls labelStyle.createTextStyle). All four recorded gaps are genuinely closed in code."
C	Sources/EChartsKit/component/dataZoom/SliderZoomView.swift	upstream/echarts/src/component/dataZoom/SliderZoomView.ts	minor	minor	95	low	4	1	0	_showDataInfo (line 77-100) is a real implementation: reads handleLabel.show / emphasis.handleLabel.show, toggles both handleLabels' invisible+markRedraw, and enterEmphasis/leaveEmphasis on moveHandle — no longer a PortStub no-op ||| _renderDataShadow (line 612-730) now builds THREE stacked segment groups via createDataShadowGroup(i==1), the middle one reading 'selectedDataBackground', and _updateView (line 783-800) installs the 3-segment Rect clip paths at [0, handleInterval[0], handleInterval[1], size[0]] — matching upstream line-for-line ||| onmouseover/onmouseout are wired to _onOverDataInfoTriggerArea on both the handles (line 452-453) and the actualMoveZone (line 559-560), and _onOverDataInfoTriggerArea (line 104-107) sets _isOverDataInfoTriggerArea then calls _showDataInfo ||| Data-shadow now mirrors upstream: candlestick getShadowDim override (line 623-628), time-axis thisCoord = (thisValue - extent[0]) * normalizationConstant (line 665-667), and the empty-value gap insertion / re-entry vertices (line 674-685)	_updateDataInfo ignores the nonRealtime flag: with dataZoom realtime:false, the handle labels during a drag show the OLD committed window (axisProxy.getWindow()) instead of the previewed window from getAlignTo(...).calculateDataWindow, so the numbers lag the handle position until the drag ends		"STALE-MARKER: SliderZoomView.swift:746-747 claims ""nonRealtime ... only affects the animated-tween path, which is DEFERRED"" — upstream's _updateView(nonRealtime) does nothing but forward the flag to _updateDataInfo (SliderZoomView.ts:820); there is no tween. The real consequence is the label-window gap listed above."
C	Sources/EChartsKit/component/dataZoom/SliderZoomViewDrag.swift	upstream/echarts/src/component/dataZoom/SliderZoomView.ts	minor	parity	98	none	2	0	0	_onActualMoveZoneDrift / _onActualMoveZoneDragStart / _onActualMoveZoneDragEnd are all ported (line 100-117) and wired from _wireDrift for the moveZone: zr.setCursorStyle('grabbing') during drift, target.cursor='grabbing' + _showDataInfo(true) on dragstart, cursor restore + _onDragEnd on dragend ||| _onDragEnd's _showDataInfo(false) is no longer inert — _showDataInfo in SliderZoomView.swift:77 is now a real implementation, so the handle labels actually hide at end of drag when the pointer is not over a trigger area			_onDragEnd (line 210-224) matches upstream exactly, including the !realtime one-shot _dispatchZoomAction(false).
C	Sources/EChartsKit/component/dataZoom/dataZoomHistory.swift	upstream/echarts/src/component/dataZoom/history.ts	minor	minor	98	low	0	1	0		push()'s origin-range lookup still matches ANY dataZoom by id (eachComponent+id compare) instead of upstream's queryComponents({mainType:'dataZoom', subType:'select', id}); if a toolbox-internal 'select' dataZoom is ever added, a user-configured dataZoom with the same id would be picked as the history origin		Verified there is still no toolbox 'select'-subtype dataZoom creator anywhere in Sources/ (component/toolbox/ has no feature/DataZoom sub-dir), so the deviation is currently unreachable — it is a latent contract gap only. pop/clear/count/getStoreSnapshots are line-for-line faithful.
C	Sources/EChartsKit/component/helper/cursorHelper.swift	upstream/echarts/src/component/helper/cursorHelper.ts	minor	parity	100	none	1	0	0	onIrrelevantElement now reads coordinateSystem from BOTH slots (line 73-83): `eventElComponent as? CoordinateSystemHostModel` (GridModel/PolarModel/... coord-sys hosts) first, then `as? SeriesModel`. An axis/grid model covering the roam target therefore reaches the coordSys-identity and z-order checks instead of short-circuiting to allow-roam			Line-for-line equivalent to upstream including the retrieveZInfo zlevel-then-z precedence and the conservative <=0 → false. The only deviation is the explicit nil-topTarget guard (upstream relies on the DOM hit always existing); it returns false, which is upstream's !eventElComponent branch.
C	Sources/EChartsKit/component/legend/LegendModel.swift	upstream/echarts/src/component/legend/LegendModel.ts	minor	parity	99	none	1	0	0	"Numeric legend.data names are no longer coerced to """": every name read now goes through modelUtil.convertOptionIdName (lines 216, 227, 333, 389), which returns jsToString(idOrName) for Int/Double/NSNumber — exactly JS object-key coercion — so numeric legend names key the `selected` map correctly for select/unSelect/toggleSelected/isSelected"			Verified modelUtil.convertOptionIdName (util/modelUtil.swift:920-931) handles string / number / string-safe and falls back to the supplied default.
C	Sources/EChartsKit/component/legend/ScrollableLegendView.swift	upstream/echarts/src/component/legend/ScrollableLegendView.ts	minor	parity	96	low	3	0	1	"createPageButton now binds the click handler (line 198-202: icon.on(""click"") → self._pageGo(pageDataIndexName, scrollModel, api)), so page-arrow clicks dispatch legendScroll and the user can page through a scrollable legend ||| pageFormatter's function-callback form is supported (line 484): a ([String:Any])->String closure is invoked with {current,total}; the {current}/{total} string template path is unchanged ||| scrollLegendZRColor (line 674-676) now delegates to the shared zrPaintFromStyleValue, so pageIconColor / pageIconInactiveColor accept gradient and pattern objects, not only hex strings"		scrollLegendCreateIcon (line 643) handles only the path:// branch of graphic.createIcon — an 'image://...' pageIcons entry renders nothing (upstream makes a ZRImage)	"STALE-MARKER: ScrollableLegendView.swift:642 says ""onclick wiring is DEFERRED (interaction)"" while line 198 wires the click that calls _pageGo. The claim in that comment guards nothing."
C	Sources/EChartsKit/component/marker/MarkerView.swift	upstream/echarts/src/component/marker/MarkerView.ts	minor	parity	97	none	1	0	1	updateZ now really propagates: traverseUpdateZ(markerDraw.group, zInfo.z, zInfo.zlevel) is called at line 169 and a faithful private traverseUpdateZ/doUpdateZ pair (line 175-225) reproduces upstream's DFS — sets z/zlevel on every displayable, accumulates maxZ2, and lifts textContent z2 to maxZ2+2 and textGuideLine to maxZ2±1 by showAbove		The local doUpdateZ omits upstream's `if (el.ignoreModelZ) return maxZ2` early-out (graphic.ts:861), so an element intentionally lifted above others via ignoreModelZ would be pushed back down to the marker's model z/zlevel and would also contribute to the label maxZ2	The private copy duplicates util/graphic.traverseUpdateZ; there is a second private doUpdateZ in ECharts.swift with the same ignoreModelZ caveat — worth deduping into a shared util/graphic function.
C	Sources/EChartsKit/component/timeline/TimelineAxis.swift	upstream/echarts/src/component/timeline/TimelineAxis.ts	minor	minor	94	low	1	1	0	getViewLabels no longer emits one label per tick unconditionally: the category branch (line 79-113) reads label.interval via axisHelper.getOptionCategoryInterval and honors both an explicit numeric interval and a callback interval (offInterval + extent-boundary retention), mirroring makeTicksLabelsByCategoryIntervalNumOrCb	label.interval:'auto' — which is the timeline's DEFAULT (SliderTimelineModel defaultOption sets label.interval:'auto') — falls back to interval 0, i.e. every tick gets a label. Upstream's makeAutoCategoryInterval/calculateCategoryInterval would thin them, so a timeline with many ticks renders overlapping/colliding labels		The 'auto' fallback is forced by a structural deviation: the timeline axis has no base `model` (TimelineModel is held in `timelineModel`), so the modelInner(axis.model) interval cache the auto path needs is unavailable. Consumer confirmed: SliderTimelineView.swift:523 calls axis.getViewLabels().
C	Sources/EChartsKit/component/timeline/TimelineComponentModel.swift	upstream/echarts/src/component/timeline/TimelineModel.ts	minor	parity	98	none	1	0	0	SliderTimelineModel now declares `DataFormatMixin` conformance (line 270), which grafts getDataParams/getRawValue/getFormattedLabel/formatTooltip onto the model exactly as upstream's mixin(SliderTimelineModel, DataFormatMixin.prototype) does — timeline tooltip content is available. The DataHost getData(dataType?) witness is provided by TimelineModel (line 205)			Checked for the documented protocol-witness trap: TimelineModel's getData is relaxed to the DataHost getData(dataType?) contract at line 205-207, so the mixin defaults bind to the real data, not a nil-returning default.
C	Sources/EChartsKit/component/timeline/timelineAction.swift	upstream/echarts/src/component/timeline/timelineAction.ts	minor	parity	98	none	1	0	0	The timelineChanged event object is now defaults({currentIndex}, payload): line 78-81 seeds ev['currentIndex'] with the normalized index then util.defaults(&ev, payload.other), so `from` and every user-supplied payload key survive into the event instead of being dropped			`payload.type` itself is a typed Payload field rather than a member of the dynamic `other` bag, so it is the one key upstream's defaults(...) copies that the event data lacks — cosmetic. The rest (setCurrentIndex, the loop/isIndexMax/playState → timelinePlayChange dispatch, resetOption with replaceMerge, and the timelinePlayChange handler) is line-for-line faithful.
C	Sources/EChartsKit/component/title/installTitle.swift	upstream/echarts/src/component/title/install.ts	minor	minor	95	low	3	0	1	"link/sublink click handlers are wired (line 211-223): textEl.on(""click"") → format.windowOpen(link, ""_"" + target) and subTextEl.on(""click"") → format.windowOpen(sublink, ""_"" + subtarget), with the matching silent = !link && !triggerEvent gating ||| getECData(...).eventData is wired (line 228-235): both textEl and subTextEl get {componentType:'title', componentIndex} when triggerEvent is truthy, so title mouse events carry eventData ||| The local minimal createTextStyle is gone — both the title and subtitle text styles now come from labelStyle.createTextStyle (lines 180, 195), so rich-text, textShadow, lineHeight, overflow/ellipsis, inheritColor and background-box handling on textStyle/subtextStyle are applied"		format.windowOpen (util/format.swift:455-460) is an empty host-seam stub, so although installTitle now calls it, clicking a title with `link` set still opens nothing — the URL-open behavior is unavailable end-to-end until a native host channel (UIApplication.open) is wired	The wiring gap recorded in 2026-07 is genuinely closed in this file; the remaining break has moved down into format.windowOpen.
C	Sources/EChartsKit/component/toolbox/ToolboxModel.swift	upstream/echarts/src/component/toolbox/ToolboxModel.ts	minor	parity	97	none	2	0	0	init() implements the theme-feature backward-compat dance (line 58-89): the theme's toolbox.feature is stashed on _themeFeatureOption, the theme's feature is emptied and written back before super.init merges the theme, then recovered afterwards — so declared features stay enabled without an explicit show:true and the theme cannot break it ||| optionUpdated performs the per-feature theme merge (line 138-142): merge(featureOpt, _themeFeatureOption[name]) followed by nil-ing that entry so the theme merges exactly once, before the registered getDefaultOption merge			One idiom deviation: ToolboxFeatureRegistration has no static `defaultOption` slot, only getDefaultOption, so upstream's merge(featureOpt, Feature.defaultOption) for a feature that declares only a static defaultOption has no analogue. Every ported feature supplies getDefaultOption, so nothing is lost today.
C	Sources/EChartsKit/component/toolbox/toolboxAction.swift	upstream/echarts/src/component/toolbox/feature/Restore.ts	minor	minor	88	low	1	3	0	history.clear(ecModel) before restore IS now ported — it moved to the feature where upstream puts it: ToolboxRestoreFeature.onclick (component/toolbox/toolboxFeatures.swift:109-114) calls dataZoomHistoryClear(ecModel) then dispatches {type:'restore', from: uid}, so the dataZoom snapshot stack is dropped before resetOption('recreate')	computeMagicTypeOption drops upstream's `defaults(newSeriesOpt, seriesModel.option)` (MagicType.ts:116) — only id/type/name/data/stack/markPoint/markLine survive a line↔bar swap, so any other series option (itemStyle, label, smooth, symbol, ...) is lost on magicType toggle ||| The per-feature `model.get(['option', type])` merge (MagicType.ts:210) is not applied, so a user's toolbox.feature.magicType.option.line / .bar overrides are ignored when swapping types ||| boundaryGap is force-written to xAxis[0] only; upstream resolves the series' actual ordinal axis via coordSys.getAxesByScale('ordinal')[0] + getReferringComponents(axisDim+'Axis') and writes newOption[axisType][axisIndex] — so a bar↔line swap on a y-category (horizontal bar) chart or a multi-grid/multi-axis chart flips the wrong axis		The 'stack'/'tiled' modifier branch (line 93-107) matches upstream's generators for line/bar series. Not in scope for this file: the icon-status flip and the stack/tiled title swap live in the toolbox view.
C	Sources/EChartsKit/component/toolbox/toolboxFeatureManager.swift	upstream/echarts/src/component/toolbox/featureManager.ts	minor	parity	99	none	1	0	0	UserDefinedToolboxFeature is now modeled (line 79-90) as a protocol carrying uid/model/ecModel/api/featureName + zero-arg onclick(), matching upstream's interface for `my*` features			The onclick signature still drops upstream's trailing `event: ZRElementEvent`. Verified this is type-contract only: none of the five upstream features (Brush, Restore, DataZoom, MagicType, SaveAsImage, DataView) declares or uses the event parameter, so no behavior is lost. registerFeature/getFeature and the iconPaths side table + toolboxSetIconStatus (enter/leaveEmphasis) are faithful.
C	Sources/EChartsKit/component/tooltip/tooltipMarkup.swift	upstream/echarts/src/component/tooltip/tooltipMarkup.ts	minor	parity	99	none	1	0	0	convertToColorStringLoose (line 598-621) now handles a ZRenderKit.ZRColor as well as String and EChartsKit ZRColor: .string passes through, .linearGradient/.radialGradient resolve to the first colorStop, .pattern → 'transparent'. A tooltip marker dot for a series whose visual color came from a typed path-style fill keeps its color instead of going transparent			Semantics match format.convertToColorString for all three representations.
C	Sources/EChartsKit/component/visualMap/ContinuousView.swift	upstream/echarts/src/component/visualMap/ContinuousView.ts	minor	minor	92	medium	2	1	2	_updateHandle's two-handle label-overlap merge is ported (line 660-689): BoundingRect.intersect with {direction: atan2(directionVec), bidirectional:false} produces the MTV, both label positions are nudged by ∓0.5*mtv, and both labels' hdlIdx is switched to .all so dragging still works when the handles are close ||| _showIndicator's additive move is ported (line 741-752): an animateTo with easing cubicInOut / duration 100 on both the indicator and the indicatorLabel, guarded by _firstShowIndicator for the first frame	The ZRImage branch of _createIndicator is still missing, and it is now worse than a silent fallback: symbol.createSymbol DOES return a ZRImage for an 'image://' icon (util/symbol.swift:642-649), while ContinuousView force-casts the result with `as! Path` at line 323 — a visualMap with indicatorIcon:'image://...' CRASHES (SIGTRAP) instead of rendering an image indicator	Same force-cast crash on the handle: `symbol.createSymbol(handleIcon, ...) as! Path` at line 267 traps for handleIcon:'image://...' ||| The reproduced getItemAlign (line 1074-1110) drops upstream's `rect.margin[rParam[2]]` term (helper.ts:70), so with a non-zero visualMap padding/margin the auto align can pick the wrong side (left vs right / top vs bottom)	"STALE-MARKER: ContinuousView.swift:330-331 claims ""the ported createSymbol image path falls back to a SymbolClz here, so the upstream ZRImage special-case is not needed"" — createSymbol's image:// branch returns ZRenderKit.makeImage(...), a ZRImage, so the comment guards a live crash. Priority raised to medium for that reason."
C	Sources/EChartsKit/component/visualMap/installCommon.swift	upstream/echarts/src/component/visualMap/installCommon.ts	stub	stub	100	none	0	0	0				The file contains no executable code — it is an INTEGRATION-SURFACE document. Verified all four registrations it describes are actually performed by the driver: ECharts.swift:1061 registerVisualMapSubTypeDefaulter(), :1062 registerAction(visualMapActionInfo, visualMapActionHander), :1752 iterates visualMapEncodingHandlers in the component visual stage, :1411 visualMapPreprocessor(&opt). Behavior is fully reachable in the port, so coverage stays 100 / priority none, matching the 2026-07-17 grade; status kept 'stub' because this file itself is a placeholder.
C	Sources/EChartsKit/component/visualMap/visualEncoding.swift	upstream/echarts/src/component/visualMap/visualEncoding.ts	minor	parity	99	none	1	0	0	Handler #1 now short-circuits on large/progressive series: line 66-67 reads seriesModel.pipelineContext and skips when pipelineContext.large is true, matching visualEncoding.ts:34-36, so large-mode series no longer run per-point visualMap encoding			Both encoding handlers are structurally faithful (createOnAllSeries reset shape, isTargetSeries gate).
C	Sources/EChartsKit/component/visualMap/visualMapHelper.swift	upstream/echarts/src/component/visualMap/helper.ts	minor	minor	100	none	0	0	0				Reference-only file: apart from the visualMapParamsSet constant and the three ItemAlign typealiases, both upstream functions are preserved as commented source and are implemented live in ContinuousView.swift (getItemAlign at :1074, makeHighDownBatch at :971). Verified both exist and run. The one behavioral deviation in the live copy (getItemAlign dropping the rect.margin term) is recorded against ContinuousView.swift, not here. Grade unchanged from 2026-07-17.
C	Sources/EChartsKit/coord/axisStatistics.swift	upstream/echarts/src/coord/axisStatistics.ts	minor	minor	93	medium	0	2	0		The per-PREPARE cycle cache is never reset: resetCachePerECPrepare exists (line 67-69) but nothing calls it anywhere in Sources/, while upstream calls it at the top of every prepare cycle (echarts.ts:1671). Consumers — axisStatistics.swift:449 and dataZoomHelper.swift:266 — therefore read results cached from an earlier setOption, so changing dataZoom/axis wiring across setOption calls can keep targeting the previous axis/series set ||| The base EChartsExtensionInstallRegisters.registerProcessor (line 80-87) is still a PortStub that discards the registration; the AXIS_STATISTICS overallReset processor only survives because the driver happens to use the capturing subclass EChartsInstallRegisters (ECharts.swift:245-251). Any other install path that constructs the base registrar silently loses its processors		Partial progress since 2026-07-17: resetCachePerECFullUpdate IS now wired — ECharts.swift:1508 calls it at the start of update(), matching echarts.ts:1892. Only the prepare-scope half remains unwired; that is a one-line driver fix, which is why priority is medium rather than low.
C	Sources/EChartsKit/coord/cartesian/cartesian2dPrepareCustom.swift	upstream/echarts/src/coord/cartesian/prepareCustom.ts	minor	parity	98	none	1	0	0	dataToCoordSize's category branch now calls calcBandWidth(axis).w (line 61), matching pinned upstream prepareCustom.ts:32 — api.size() on a category axis is breaks/statistics-aware again instead of using the deprecated axis.getBandWidth(). calcBandWidth is genuinely ported at coord/axisBand.swift:86			The rest (rect from master.getRect, the coordSys bag, api.coord = dataToPoint) is line-for-line. Only deviation: if coordSys.master is not a Grid the function returns an empty bag instead of trapping — a defensive improvement.
C	Sources/EChartsKit/coord/geo/GeoJSONResource.swift	upstream/echarts/src/coord/geo/GeoJSONResource.ts	minor	minor	96	low	2	1	0	fixNanhai IS ported and wired: line 204 calls it, and the implementation (line 333-351) appends the synthesized 南海诸岛 region with its polygon geometries and geo coord when mapName == 'china' — the China map's Nanhai islands inset renders ||| fixTextCoord IS ported and wired: line 212 calls it, and the implementation (line 369-381) applies the coordsOffsetMap nudges (南海诸岛/广东/香港/澳门/天津) to the region label centers	fixDiaoyuIsland is still not invoked (call commented out at line 217): the Diaoyu island geometry is never appended to the 台湾 region on the China map, so those islands are missing from the rendered map		The fixDiaoyuIsland deferral is structural, not an oversight: GeoJSONRegion.geometries is declared `let` at coord/geo/Region.swift:180, and the fix PUSHES a geometry. Making that field `var` is the enabling change.
C	Sources/EChartsKit/coord/geo/GeoModel.swift	upstream/echarts/src/coord/geo/GeoModel.ts	minor	minor	96	low	1	1	0	init now runs modelUtil.defaultEmphasis(option, 'label', ['show']) (line 226-232 via the defaultEmphasisOnBag bridge), so the geo emphasis label `show` default is seeded and hover labels appear without the user setting emphasis.label.show explicitly	GeoModel still does not declare RoamHostModel conformance and __ownRoamView (line 428) returns an erased Any? rather than View?, so upstream's getOwnRoamViewCoordSys(hostModel) generic roam-ownership path has no analogue		The remaining gap has no user-visible consequence today: nothing in Sources/ conforms to or consumes RoamHostModel, because the port replaced upstream's model-option roam state with a per-host-model inner store (coord/View.swift:699-720 + roamHelperGeo), and geo pan/zoom does work through MapDraw's RoamController. This is a type-contract divergence that will matter if the upstream roam-ownership flow is ever ported wholesale.
C	Sources/EChartsKit/coord/geo/GeoSVGResource.swift	upstream/echarts/src/coord/geo/GeoSVGResource.ts	minor	parity	99	none	1	0	0	"_buildGraphic now calls util.assert(parsed?.root != nil, ""Invalid svg format"") (GeoSVGResource.swift:130), matching upstream's assert(rootFromParse != null) / thrown 'Invalid svg format'"			Re-verified against upstream lines 112-128, 282-296, 352-380: applyNameMap and BOTH of its call sites are fully commented out upstream ('PENDING: nameMap will not be supported until some real requirement come'). Its absence in Swift is therefore parity, not a gap. No stale markers found.
C	Sources/EChartsKit/coord/geo/geoCreator.swift	upstream/echarts/src/coord/geo/geoCreator.ts	minor	parity	96	none	1	0	0	resizeGeo now calls layout.applyPreserveAspect(geoModel, viewRect, aspect) on the left/top/width/height branch (geoCreator.swift:231), matching upstream geoCreator.ts:160 - preserveAspect 'cover'/'contain' now adjusts the geo view rect			STALE-MARKER: Sources/EChartsKit/coord/geo/geoCreator.swift:395 says 'let scaleLimit ... (roam DEFERRED; computed but not applied here)' implying a port gap, but upstream geoCreator.ts:254-257 also computes scaleLimit via retrieve2 and never reads it - dead code upstream too, so '_ = scaleLimit' is faithful. Roam zoomLimit is separately seeded from the host model's scaleLimit option by roamHelperGeo.swift:96, so the feature is not lost.
C	Sources/EChartsKit/coord/parallel/ParallelAxisModel.swift	upstream/echarts/src/coord/parallel/AxisModel.ts	minor	parity	98	low	1	0	0	updateAxisBreaks now dispatches faithfully: getAxisBreakHelper() -> updateModelAxisBreak(self, payload) with the {breaks: []} fallback (ParallelAxisModel.swift:291-296), instead of hardcoding an empty result			Dispatch matches upstream exactly. The feature is still inert only because the OPTIONAL module component/axis/axisBreakHelper is unported (getAxisBreakHelper() in coord/axisModelCreator.swift:75 returns nil) - upstream behaves identically when that module is not installed, so this is a cross-file backlog item (axisBreakHelper), not a gap in this file.
C	Sources/EChartsKit/coord/polar/PolarAxisModel.swift	upstream/echarts/src/coord/polar/AxisModel.ts	minor	parity	97	low	1	0	0	updateAxisBreaks now dispatches through getAxisBreakHelper()/updateModelAxisBreak with the {breaks: []} fallback (PolarAxisModel.swift:165-170) instead of returning a hardcoded empty stub			Same situation as the parallel axis: the axis-break feature stays inert only because component/axis/axisBreakHelper is unported (getAxisBreakHelper() returns nil), which is exactly upstream's behavior with the optional module uninstalled. Dispatch is faithful.
C	Sources/EChartsKit/coord/radar/RadarModel.swift	upstream/echarts/src/coord/radar/RadarModel.ts	minor	minor	97	low	0	2	0		Indicator axis models keep the ComponentModel 'ec_cpt_model' uid prefix instead of getUID('ec_radar') (RadarModel.swift:244-247, uid is a let set in ComponentModel.init) - still unique, so only breaks code that pattern-matches the 'ec_radar' prefix ||| axisName.formatter given as a function only runs if the stored closure casts to RadarAxisNameFormatter (RadarModel.swift:225); a closure of any other signature leaves the indicator name unchanged instead of being invoked		Both previously recorded gaps re-confirmed unchanged (fix campaign marked them deferred=2). No provider landed elsewhere that would close either: ComponentModel.uid is still an immutable let, and no erased-formatter invoker helper exists.
C	Sources/EChartsKit/coord/scaleRawExtentInfo.swift	upstream/echarts/src/coord/scaleRawExtentInfo.ts	minor	parity	98	none	1	0	0	invokeAxisMinMaxCallback (scaleRawExtentInfo.swift:538-571) now tries 8 closure shapes - dictionary-param and positional (min,max)-param forms, each with ScaleDataValue/ScaleDataValue?/Double/Double? returns - so an axis min/max function option written in any conventional Swift signature is invoked instead of silently dropped			The remaining residue is unavoidable Swift closure-type invariance: a user closure with a truly exotic signature (e.g. taking a custom struct) still falls through to nil. Covered shapes now span every idiomatic spelling, so this is language-idiom residue rather than a behavior gap.
C	Sources/EChartsKit/data/DataStore.swift	upstream/echarts/src/data/DataStore.ts	minor	parity	99	none	1	0	0	'int'-typed columns now re-apply Int32Array truncation on every chunk write via DataStore.toInt32 (defined at DataStore.swift:1458; applied at :404 initData, :467 appendData, :905 copy-to-target write, :1151 downsample write) - ECMAScript ToInt32 semantics (truncate toward zero, wrap mod 2^32, NaN/inf -> 0)			toInt32 implementation was read line by line and matches Int32Array assignment semantics. Uint32Array vs Uint16Array for the index arrays is still collapsed to ContiguousArray<Int> (DataStore.swift:135-138), which is a widening - no truncation loss, so not a behavior gap.
C	Sources/EChartsKit/data/Source.swift	upstream/echarts/src/data/Source.ts	minor	major	88	high	0	1	1		keyedColumns datasets without explicit 'dimensions': determineSourceDimensions builds dimensionsDefine by iterating an unordered Swift Dictionary (Source.swift:423-428, util.keys = Array(obj.keys)), so column->dimension order is nondeterministic per process - the default encode (dim0->x, dim1->y) can bind the wrong columns and the chart plots the wrong series	objectRows datasets without explicit 'dimensions' have the SAME nondeterministic ordering: objectRowsCollectDimensions (Source.swift:472) returns util.keys(obj) from an unordered Dictionary, whereas upstream walks the JS object's insertion order - so a dataset like [{product:'A', 2015:43, 2016:85}, ...] can pick a random column as the category axis and produce a different result on each run	Swift's Dictionary uses per-process seeded hashing, so this is not merely 'may diverge from upstream' - it is run-to-run nondeterministic. objectRows is the most common dataset spelling in ECharts examples, which makes this materially worse than the previous audit's grade. Fix requires preserving key order at the source-option boundary (an ordered key array captured when the option dictionary is built), not a change inside determineSourceDimensions alone.
C	Sources/EChartsKit/model/Component.swift	upstream/echarts/src/model/Component.ts	minor	parity	97	none	2	0	0	mergeDefaultAndTheme now performs the full box-layout param merge: layout.fetchLayoutMode(self) -> layout.getLayoutParams(src) captured before the theme/default merges -> layout.mergeLayoutParam(&target, inputPositionParams, opt) (Component.swift:198-242) ||| mergeOption now takes the layoutMode branch too: layout.fetchLayoutMode + layout.mergeLayoutParam (Component.swift:255-268), so left/right/width/height merge is layout-aware (a later {right:0} correctly displaces a default {left:0,width:100})			STALE-MARKER: Sources/EChartsKit/model/Component.swift:33 still says 'fetchLayoutMode/getLayoutParams deferred - layout-mode merge', but both are ported and called at :198/:204. Third recorded gap (getDefaultOption legacy ParentClass.extend ancestor-merge, Component.swift:339-355) is genuinely unreachable - clazz.isExtendedClass(ctor) is always false in this port, so upstream's branch at Component.ts:264-282 can never be entered; not counted as a gap.
C	Sources/EChartsKit/util/layout.swift	upstream/echarts/src/util/layout.ts	major	parity	96	low	6	1	0	applyPreserveAspect ported in full (layout.swift:509-559) - preserveAspect 'cover'/'contain' plus preserveAspectAlign/preserveAspectVerticalAlign, matching layout.ts:399-435; consumed by geoCreator.resizeGeo ||| fetchLayoutMode ported (layout.swift:647-663) and consumed by Component.mergeDefaultAndTheme/mergeOption and axisModelCreator ||| getLayoutParams ported (layout.swift:764) - LOCATION_PARAMS retrieval from a source option bag ||| sizeCalculable ported (layout.swift:635-645) with the HV_NAMES table, matching layout.ts:642 ||| createBoxLayoutReference now implements the boxCoordinateSystem branch: dataToLayout -> rect kind and the enableLayoutOnlyByCenter + dataToPoint -> POINT kind (layout.swift:205-262), so matrix-cell / geo-anchored box placement works ||| vbox/hbox curried forwarders added (layout.swift:175-190)	fetchLayoutMode reads only the class-level layoutMode static (layout.swift:648, via type(of:)); upstream also honours a per-INSTANCE ins.layoutMode, so a component that sets layoutMode on the instance gets no layout-aware merge		"STALE-MARKER: Sources/EChartsKit/util/layout.swift:277-283 (inside getViewRectAndCenterForCircleLayout) says 'createBoxLayoutReference ignores opt today and always returns the rect kind, so this branch is currently unreachable' - false; createBoxLayoutReference:210 reads opt[""enableLayoutOnlyByCenter""] and can return the POINT kind, so the branch IS live. Upstream's __DEV__ 'unsupported box coord sys' error branch is dropped (dev-only log, ignored per grading rules)."
C	Sources/EChartsKit/util/log.swift	upstream/echarts/src/util/log.ts	minor	parity	98	none	2	0	0	makePrintable now reproduces the JSON.stringify replacer: sanitizeForJSON recursively re-applies makePrintableStringIfPossible to every nested dict/array value (log.swift:129-150), so Infinity/-Infinity/NaN/Date/function/RegExp buried inside an object print with the same fuzzy formatting as top-level ones ||| bare scalars no longer fall through to '?': non-container values are wrapped in a one-element array, serialized, then unwrapped (log.swift:178-190), reproducing JS JSON.stringify of a bare number/bool			Dev-only diagnostic text; body compared line by line against log.ts:77-123 and matches, including the isString early return and the ' ' join.
C	Sources/EChartsKit/util/time.swift	upstream/echarts/src/util/time.ts	minor	minor	95	low	1	0	2	leveledFormat now calls getScaleBreakHelper()?.makeAxisLabelFormatterParamBreak(...) and copies the resulting break onto the extra params (time.swift:410-415), matching time.ts:348-351, so a user function formatter on a break time-axis receives break info		leveledFormat pipes its result through stripTimeRichText (time.swift:437), which flattens the default templates' {primary|...} rich-text markup to plain text - upstream returns the markup and lets the text renderer bold the primary unit, so time-axis labels lose the primary-unit emphasis (deliberate deviation, documented in-file) ||| the function-formatter branch only fires if the erased closure casts to AxisLabelTimeFormatter (time.swift:417); a differently-typed closure leaves template nil and the label falls back to the raw format path	The recorded break-enrichment gap is genuinely closed - scale/breakImpl.swift:794 now provides makeAxisLabelFormatterParamBreak and time.swift consumes it through getScaleBreakHelper(). Both new gaps are small and pre-existing rather than regressions.
C	Sources/EChartsKit/visual/style.swift	upstream/echarts/src/visual/style.ts	minor	parity	96	none	0	0	0				The recorded gap (decalOption.dirty=true / sharedModel.option.decal.dirty=true not propagated, style.swift:92-94 and :186-187) is now BENIGN and effectively stale: decal rendering has since landed (Sources/EChartsKit/util/decal.swift + Sources/EChartsKit/visual/decalVisual.swift), and util/decal.swift:97 deliberately drops upstream's decalMap identity cache ('decalMap dirty/lookup - dropped'), so there is no cached pattern for dirty to invalidate - the pattern is regenerated. STALE-MARKER: Sources/EChartsKit/visual/style.swift:93-94 and :187 both say 'Requires decal-pattern rendering (out of scope)', but decal-pattern rendering IS ported.
C	Sources/EChartsKit/visual/symbolVisual.swift	upstream/echarts/src/visual/symbol.ts	major	minor	92	medium	2	2	1	Function-valued symbol props are now evaluated per data item: seriesSymbolTask collects callbacks into symbolOptionsCb, then loops data and calls evalSymbolCallback per prop, writing setItemVisual (symbolVisual.swift:79-115) - symbolSize/symbol/symbolRotate/symbolOffset callbacks work ||| the ecModel.isSeriesFiltered(seriesModel) early-return is ported in both tasks (symbolVisual.swift:73-75 and :120-122)	Neither task is registered as a Scheduler StageHandler with createOnAllSeries + performRawSeries - they are invoked inline from six chart views' render (LineView:667, ScatterView:67, EffectScatterView:75, GraphView:215, TreeView:300, PictorialBarView:166). Upstream runs them for ALL series including raw/filtered ones specifically 'for legend', so a series whose view never renders (e.g. legend-deselected) gets no legendIcon/symbol data-visual and its legend icon can render with the wrong shape ||| every call site passes nil for ecModel to dataSymbolTask, so its isSeriesFiltered skip never actually fires - filtered-out series still get per-item symbol visuals encoded (wasted work; no visual break)	seriesSymbolTask only writes symbolKeepAspect and the non-callback symbol props when they are non-nil/non-NSNull (symbolVisual.swift:61-71), whereas upstream unconditionally setVisual's every SYMBOL_PROPS_WITH_CB key - a previously-set data visual is not cleared when the option is later removed on a re-render	STALE-MARKER: Sources/EChartsKit/visual/symbolVisual.swift:32-33 header says 'Callback (function) symbol props are DEFERRED - only literal option values are encoded', but the callback path at :79-115 is fully implemented.
C	Sources/ZRenderKit/Core/Eventful.swift	upstream/zrender/src/core/Eventful.ts	minor	minor	90	low	0	2	0		off(eventType, handler) cannot remove one handler by identity - Swift closures are not comparable, so the handler branch (Eventful.swift:230-241) is a no-op and that listener keeps firing forever (leaks listeners across setOption/view rebuilds) ||| on() omits upstream's _h[event][i].h === handler dedup (commented out at Eventful.swift:170-177), so re-binding the same closure registers it twice and the handler fires twice per event		Both re-confirmed unchanged (fix campaign marked deferred=2). No handler-token scheme has appeared anywhere in ZRenderKit that would close either; closing them needs an API change (return an opaque token from on()) rather than an indirect provider.
C	Sources/ZRenderKit/Core/LRU.swift	upstream/zrender/src/core/LRU.ts	minor	parity	99	none	1	0	0	"LRUKey now normalizes through a jsKey string (LRU.swift:19-33) with JS String(n) integral formatting, and Hashable/== are defined on jsKey - so .number(1) and .string(""1"") collide exactly as JS numeric-key coercion does"			Verified the integral-Double formatting path (String(Int64(n)) for finite integral |n| < 1e21) matches JS String(number) for the key range LRU is used with (image/gradient cache keys).
C	Sources/ZRenderKit/Core/WeakMap.swift	upstream/zrender/src/core/WeakMap.ts	minor	parity	98	none	1	0	0	has() now reproduces upstream's !!value truthiness via WeakMap._isTruthy (WeakMap.swift:67-110): Optional.none, false, numeric zero, NaN and empty string all read has()==false even when the key is present; delete() is defined in terms of has() so it inherits the same semantics			_isTruthy uses Mirror to unwrap Optionals then switches on Bool/Double/Float/Int/String - covers every falsy JS value that can be stored through this generic map.
C	Sources/ZRenderKit/Core/env.swift	upstream/zrender/src/core/env.ts	minor	minor	90	low	0	2	0		configureNativeEnv (env.swift:86-97) sets touchEventsSupported/transformSupported/transform3dSupported = true, whereas upstream's node branch leaves them false - any consumer that branches on these flags takes the browser-ish path on iOS (deliberate native deviation, documented in-file) ||| detect() (env.swift:110+) is never invoked on iOS - the whole UA browser-detection chain is dead code, and its feature-detection lines ('ontouchstart' in window etc.) are hardcoded false stubs rather than faithful translations		Both re-confirmed unchanged and both are intentional platform deviations rather than porting omissions; nothing elsewhere in the repo has landed that would make detect() reachable.
C	Sources/ZRenderKit/Core/platform.swift	upstream/zrender/src/core/platform.ts	minor	minor	85	medium	1	1	0	setPlatformAPI now does upstream's per-key partial merge: PartialPlatformAPI + MergedPlatformAPI forwards every non-overridden method to the previous implementation (platform.swift:184-247), so a single-method override no longer drops the others; repeated calls stack	DefaultPlatformAPI.createCanvas() still returns nil (platform.swift:94-99), so measureText never gets a real 2d context and ALWAYS falls back to the 12px-sans-serif ASCII width table (platform.swift:117-142) - text widths for CJK/emoji/non-ASCII and for any non-default font are approximations, which propagates into every label/tooltip/legend bounding rect and can cause overlap or clipping. No native measureText override is installed anywhere (no PartialPlatformAPI(measureText:) exists in the repo)		The loadImage half of the recorded gap is indirectly closed: Sources/NativePainter/NativePlatformAPI.swift installs a real loadImage via setPlatformAPI(PartialPlatformAPI(loadImage:)) backed by loadCGImage, consumed at CALayerPainter.swift:306 and CGRenderer.swift:288 - so platformApi.loadImage works in the app. Remote-URL async loading + onload/onerror dispatch onto ZRImage is still a separate unported follow-up (documented in NativePlatformAPI.swift's header).
C	Sources/ZRenderKit/Graphic/Displayable.swift	upstream/zrender/src/graphic/Displayable.ts	minor	minor	92	low	0	3	0		_applyStateObj (Displayable.swift:561-576) calls only super and then discards PRIMARY_STATES_KEYS / PRIMARY_STATES_KEYS_IN_HOVER_LAYER / IN_HOVER_LAYER_KIND_ONLY_STYLE_CHANGE with '_ =' - the style createStyle+_mergeStyle+_transitionState body and the z/z2/invisible state apply are absent, so a state object that only changes z/z2/invisible via this path has no effect ||| _innerSaveToNormal (Displayable.swift:553-559) does not clone this.style into _normalState.style nor save the z/z2/invisible primaries, so a restore-to-normal through this path cannot recover the pre-state style ||| _mergeStates (Displayable.swift:578-585) returns super's merged state without merging each state's style, so combining two states (e.g. emphasis + select) drops the style contribution of all but the last		All three re-confirmed present verbatim. Impact is muted because this port applies states through Element.useState -> _stateApply/animateTo (the path fixed in the duration-0/hover-emphasis work), so hover/emphasis is visibly correct today; these bodies are the dormant faithful path. Priority stays low but they should be filled before any multi-state (emphasis+select) combination work.
C	Sources/ZRenderKit/Graphic/TSpan.swift	upstream/zrender/src/graphic/TSpan.ts	minor	parity	98	none	0	0	0				The recorded gap was INACCURATE, not merely stale: upstream DEFAULT_PATH_STYLE (Path.ts:58-72) defines fill/stroke/strokePercent/fillOpacity/strokeOpacity/lineDashOffset/lineWidth/lineCap/miterLimit/strokeNoScale/strokeFirst plus DEFAULT_COMMON_STYLE (Displayable.ts:33-52) - there is NO lineJoin key anywhere in the chain. The Swift inlined DEFAULT_TSPAN_STYLE (TSpan.swift:90-118) reproduces every key including the STYLE_MAGIC_KEY flag and the miterLimit:2 override winning over the path default of 10. Nothing is missing.
C	Sources/ZRenderKit/Handler.swift	upstream/zrender/src/Handler.ts	minor	minor	93	low	0	3	0		dispatchToElement omits the el['on' + eventName] handler-prop path and its cancelBubble write (Handler.swift:380-383) - assigning el.onclick/onmousedown style handlers does nothing; only .on() listeners fire ||| dispatchToElement omits the CanvasPainter.eachOtherLayer user-layer event fan-out (Handler.swift:409-411 vs Handler.ts:331-336) - custom user layers receive no events ||| processGesture substitutes Displayable() as the hover target when a pinch starts on empty space (Handler.swift:502) instead of upstream's undefined, so a gesture handler reading the target sees a bogus sentinel element rather than 'no target'		All three re-confirmed unchanged. The first two are documented native/canvas seams; the third is a small real divergence but only observable inside GestureMgr's target argument.
C	Sources/ZRenderKit/config.swift	upstream/zrender/src/config.ts	minor	parity	100	none	0	0	0				The recorded gap is stale by construction: upstream getDevicePixelRatio only reads window.devicePixelRatio inside 'if (env.hasGlobalWindow)', and env.hasGlobalWindow is (faithfully) false on iOS (Core/env.swift:34), so upstream itself returns 1 in this environment. The Swift body (config.swift:5-19) is structurally identical, and the remaining constants (debugMode, DARK_MODE_THRESHOLD, DARK/LIGHT/LIGHTER_LABEL_COLOR) match upstream exactly. Real device scale is handled at the painter layer, not here.
